determination_status,app_date_day_of_week,acceptance_date_isNA,acc_date_day_of_week,time_to_acceptance,payment_sched_provided,business_type_claimant_Consultant,business_type_claimant_Developer,business_type_claimant_Head contractor,business_type_claimant_Major subcontractor,business_type_claimant_Manufacturer of building materials or components,business_type_claimant_Other,business_type_claimant_Project manager,business_type_claimant_Supplier,business_type_claimant_Trade Contractor,business_type_claimant_Trade subcontractor,business_structure_claimant_Ltd Company,business_structure_claimant_Other,business_structure_claimant_Partnership,business_structure_claimant_Pty Ltd Company,business_structure_claimant_Sole Trader,business_structure_claimant_Sole trader,business_structure_claimant_Trust,claimant_advisers_Claim preparer,claimant_advisers_Consultant,claimant_advisers_None,claimant_advisers_Not known,claimant_advisers_Solicitors,business_type_respondent_Developer,business_type_respondent_Head contractor,business_type_respondent_Major Subcontractor,business_type_respondent_Major subcontractor,business_type_respondent_Manufacturer of building materials or components,business_type_respondent_Other,business_type_respondent_Project manager,business_structure_respondent_Other,business_structure_respondent_Partnership,business_structure_respondent_Pty Ltd Company,business_structure_respondent_Sole Trader,business_structure_respondent_Trust,respondent_advisers_Consultant,respondent_advisers_None,respondent_advisers_Not determined,respondent_advisers_Not known,respondent_advisers_Response preparer,respondent_advisers_Solicitors,notice_sent_to_claimant_No,notice_sent_to_claimant_Not yet determined,notice_sent_to_claimant_Yes,extension_of_time_sought_No,extension_of_time_sought_No ,extension_of_time_sought_Not yet determined,extension_of_time_sought_Yes,claimed_amount,claim_region_inf,claim_region_1,claim_region_2,claim_region_3,irsad_score,decile_score,category_Construction,category_Design,category_Other,category_Supply
1,0.14285714285714285,0,0.5714285714285714,0.15,0,0,0,0,0,0,0,0,0,0,1,0,0,1,0,0,0,0,0,0,1,0,0,0,1,0,0,0,0,0,0,0,1,0,0,0,1,0,0,0,0,0,0,0,1,0,0,0,-0.715225880639889,0,1,0,0,2.209578063426053,1.0,0,0,1,0
1,0.5714285714285714,0,0.2857142857142857,0.25,1,0,0,1,0,0,0,0,0,0,0,0,0,0,1,0,0,0,0,0,0,0,1,1,0,0,0,0,0,0,0,0,1,0,0,0,0,0,0,0,1,0,0,0,0,0,0,1,0.9384763783408128,0,1,0,0,1.3784987125956354,0.9,1,0,0,0
1,0.42857142857142855,0,0.2857142857142857,0.3,1,0,0,0,0,0,0,0,0,0,1,0,0,0,1,0,0,0,0,0,1,0,0,0,1,0,0,0,0,0,0,0,1,0,0,0,1,0,0,0,0,0,0,0,1,0,0,0,-0.40482448461750503,0,1,0,0,2.209578063426053,1.0,0,0,0,1
1,0.0,0,0.42857142857142855,0.15,0,0,0,0,0,0,0,0,0,0,1,0,0,0,1,0,0,0,0,0,1,0,0,0,0,0,1,0,0,0,0,0,1,0,0,0,1,0,0,0,0,0,0,0,0,0,0,0,0.35550661538627415,0,1,0,0,1.680709385624878,1.0,0,0,1,0
0,0.42857142857142855,0,0.14285714285714285,0.25,1,0,0,0,1,0,0,0,0,0,0,0,0,0,1,0,0,0,0,0,1,0,0,0,1,0,0,0,0,0,0,0,1,0,0,0,1,0,0,0,0,0,0,0,0,0,0,0,-1.638496810665827,0,1,0,0,-0.752086532260526,0.4,0,0,1,0
1,0.8571428571428571,0,0.2857142857142857,0.15,0,0,0,0,0,0,0,0,0,0,1,0,0,0,0,1,0,0,0,0,0,1,0,0,1,0,0,0,0,0,0,0,1,0,0,0,1,0,0,0,0,0,0,0,0,0,0,0,-1.3578211469390575,0,1,0,0,2.209578063426053,1.0,0,0,1,0
1,0.2857142857142857,0,0.42857142857142855,0.05,1,0,0,1,0,0,0,0,0,0,0,0,0,0,1,0,0,0,0,0,0,0,1,1,0,0,0,0,0,0,0,0,1,0,0,0,0,0,0,0,1,0,0,1,0,0,0,1,1.8018385669198493,0,1,0,0,0.7287457655827634,0.8,1,0,0,0
0,0.42857142857142855,0,0.14285714285714285,0.25,1,0,0,0,1,0,0,0,0,0,0,0,0,0,1,0,0,0,0,0,1,0,0,1,0,0,0,0,0,0,0,0,1,0,0,0,1,0,0,0,0,0,0,0,1,0,0,0,-0.0331552139361818,0,0,0,1,-0.7823075995634503,0.3,0,0,1,0
1,0.42857142857142855,0,0.14285714285714285,0.25,1,0,0,0,0,0,0,0,0,0,1,0,0,0,1,0,0,0,1,0,0,0,0,0,1,0,0,0,0,0,0,0,1,0,0,0,1,0,0,0,0,0,0,0,1,0,0,0,0.9733978093425393,0,1,0,0,0.804298433840074,0.8,0,0,0,1
1,0.5714285714285714,0,0.2857142857142857,0.25,1,0,0,0,1,0,0,0,0,0,0,1,0,0,0,0,0,0,0,0,0,0,1,0,1,0,0,0,0,0,0,0,1,0,0,0,1,0,0,0,0,0,0,1,0,0,0,1,2.3195700602437306,0,0,0,1,-1.2205130754558522,0.2,0,0,1,0
1,0.5714285714285714,0,0.2857142857142857,0.25,0,0,0,0,0,0,0,0,0,0,1,0,0,0,0,1,0,0,0,0,0,0,1,0,1,0,0,0,0,0,0,0,1,0,0,0,1,0,0,0,0,0,0,0,1,0,0,0,-0.30590436697061646,0,0,0,1,-0.35921265732251045,0.5,0,0,0,1
1,0.5714285714285714,0,0.2857142857142857,0.25,0,0,0,0,0,0,0,0,0,0,1,0,0,0,0,1,0,0,0,0,0,0,1,0,1,0,0,0,0,0,0,0,1,0,0,0,1,0,0,0,0,0,0,0,1,0,0,0,-0.24828409431740917,0,0,0,1,-0.35921265732251045,0.5,0,0,0,1
1,0.5714285714285714,0,0.2857142857142857,0.25,0,0,0,0,0,0,0,0,0,0,1,0,0,0,0,1,0,0,0,0,0,0,1,0,1,0,0,0,0,0,0,0,1,0,0,0,1,0,0,0,0,0,0,0,1,0,0,0,-1.1635908799775625,0,0,0,1,-1.3867289456219358,0.2,0,0,0,1
0,0.5714285714285714,1,0.28251599147121537,0.20335820895522388,1,0,0,0,0,0,0,0,1,0,0,0,0,0,1,0,0,0,0,0,1,0,0,0,1,0,0,0,0,0,0,0,1,0,0,0,1,0,0,0,0,0,0,0,0,0,0,0,1.7612989295746513,0,1,0,0,0.789187900188612,0.8,0,0,0,1
1,0.5714285714285714,0,0.2857142857142857,0.25,0,0,0,0,0,0,0,0,0,0,1,0,0,0,0,1,0,0,0,0,0,0,1,0,1,0,0,0,0,0,0,0,1,0,0,0,1,0,0,0,0,0,0,0,1,0,0,0,-0.6286503578245367,0,0,0,1,-1.3867289456219358,0.2,0,0,0,1
1,0.5714285714285714,0,0.2857142857142857,0.25,0,0,0,0,0,0,0,0,0,0,1,0,0,0,0,1,0,0,0,0,0,0,1,0,1,0,0,0,0,0,0,0,1,0,0,0,1,0,0,0,0,0,0,0,1,0,0,0,-1.248353589727977,0,0,0,1,-1.3867289456219358,0.2,0,0,0,1
1,0.5714285714285714,0,0.2857142857142857,0.25,0,0,0,0,0,0,0,0,0,0,1,0,0,0,0,1,0,0,0,0,0,0,1,0,1,0,0,0,0,0,0,0,1,0,0,0,1,0,0,0,0,0,0,0,1,0,0,0,-0.5956944733419696,0,0,0,1,-1.3867289456219358,0.2,0,0,0,1
1,0.5714285714285714,0,0.2857142857142857,0.25,0,0,0,0,0,0,0,0,0,0,1,0,0,0,0,1,0,0,0,0,0,0,1,0,1,0,0,0,0,0,0,0,1,0,0,0,1,0,0,0,0,0,0,0,1,0,0,0,-0.6589081303112767,0,0,0,1,-1.3867289456219358,0.2,0,0,0,1
1,0.5714285714285714,0,0.2857142857142857,0.25,0,0,0,0,0,0,0,0,0,0,1,0,0,0,0,1,0,0,0,0,0,0,1,0,1,0,0,0,0,0,0,0,1,0,0,0,1,0,0,0,0,0,0,0,1,0,0,0,-0.35749645740625885,0,0,0,1,-1.3867289456219358,0.2,1,0,0,0
1,0.5714285714285714,0,0.2857142857142857,0.25,0,0,0,0,0,0,0,0,0,0,1,0,0,0,0,1,0,0,0,0,0,0,1,0,1,0,0,0,0,0,0,0,1,0,0,0,1,0,0,0,0,0,0,0,1,0,0,0,-1.062152846907477,0,0,0,1,-1.3867289456219358,0.2,0,0,0,1
1,0.5714285714285714,0,0.2857142857142857,0.25,0,0,0,0,0,0,0,0,0,0,1,0,0,0,0,1,0,0,0,0,0,0,1,0,1,0,0,0,0,0,0,0,1,0,0,0,1,0,0,0,0,0,0,0,1,0,0,0,-1.2352772375298067,0,0,0,1,-1.3867289456219358,0.2,0,0,0,1
1,0.5714285714285714,0,0.2857142857142857,0.25,0,0,0,0,0,0,0,0,0,0,1,0,0,0,0,1,0,0,0,0,0,0,1,0,1,0,0,0,0,0,0,0,1,0,0,0,1,0,0,0,0,0,0,0,1,0,0,0,-1.06525271527483,0,0,0,1,-1.3867289456219358,0.2,0,0,0,1
1,0.5714285714285714,0,0.2857142857142857,0.25,0,0,0,0,0,0,0,0,0,0,1,0,0,0,0,1,0,0,0,0,0,0,1,0,1,0,0,0,0,0,0,0,1,0,0,0,1,0,0,0,0,0,0,0,1,0,0,0,-1.2025051303976482,0,0,0,1,-0.35921265732251045,0.5,0,0,0,1
1,0.5714285714285714,0,0.2857142857142857,0.25,0,0,0,0,0,0,0,0,0,0,1,0,0,0,0,1,0,0,0,0,0,0,1,0,1,0,0,0,0,0,0,0,1,0,0,0,1,0,0,0,0,0,0,0,1,0,0,0,-0.284084464114441,0,0,0,1,-1.3867289456219358,0.2,0,0,0,1
1,0.5714285714285714,0,0.2857142857142857,0.25,0,0,0,0,0,0,0,0,0,0,1,0,0,0,0,1,0,0,0,0,0,0,1,0,1,0,0,0,0,0,0,0,1,0,0,0,1,0,0,0,0,0,0,0,1,0,0,0,-0.4064483801839782,0,0,0,1,-1.3111762773646252,0.2,0,0,0,1
1,0.5714285714285714,0,0.2857142857142857,0.25,0,0,0,0,0,0,0,0,0,0,1,0,0,0,0,1,0,0,0,0,0,0,1,0,1,0,0,0,0,0,0,0,1,0,0,0,1,0,0,0,0,0,0,0,1,0,0,0,-1.3657934939349141,0,0,0,1,-1.3111762773646252,0.2,0,0,0,1
1,0.5714285714285714,0,0.2857142857142857,0.25,0,0,0,0,0,0,0,0,0,0,1,0,0,0,0,1,0,0,0,0,0,0,1,0,1,0,0,0,0,0,0,0,1,0,0,0,1,0,0,0,0,0,0,0,1,0,0,0,-0.9535373802572024,0,0,0,1,-0.35921265732251045,0.5,0,0,0,1
0,0.2857142857142857,0,0.0,0.25,0,1,0,0,0,0,0,0,0,0,0,0,0,0,1,0,0,0,1,0,0,0,0,1,0,0,0,0,0,0,0,0,0,1,0,0,0,0,1,0,0,0,0,0,0,0,0,0,0.16708902690596894,0,1,0,0,2.209578063426053,1.0,1,0,0,0
0,0.42857142857142855,1,0.28251599147121537,0.20335820895522388,0,0,0,0,0,0,0,0,0,0,1,0,0,0,1,0,0,0,0,0,1,0,0,0,1,0,0,0,0,0,0,0,1,0,0,0,1,0,0,0,0,0,0,0,0,0,0,0,0.15650170113822315,0,1,0,0,2.1793569961231287,1.0,0,0,1,0
1,0.5714285714285714,0,0.2857142857142857,0.25,1,0,0,0,0,0,0,0,1,0,0,0,0,0,1,0,0,0,0,0,1,0,0,1,0,0,0,0,0,0,0,0,0,1,0,0,1,0,0,0,0,0,0,0,1,0,0,0,0.09415634753786423,0,0,0,1,-1.6889396186511785,0.1,0,0,0,1
0,0.2857142857142857,1,0.28251599147121537,0.20335820895522388,1,0,0,0,1,0,0,0,0,0,0,1,0,0,0,0,0,0,0,0,1,0,0,0,1,0,0,0,0,0,0,0,1,0,0,0,1,0,0,0,0,0,0,0,0,0,0,0,-0.2570845090190176,0,1,0,0,1.9829200586541207,1.0,0,0,1,0
1,0.42857142857142855,0,0.2857142857142857,0.3,1,0,0,0,1,0,0,0,0,0,0,1,0,0,0,0,0,0,0,0,1,0,0,0,1,0,0,0,0,0,0,0,1,0,0,0,1,0,0,0,0,0,0,0,0,0,0,0,-0.6117786792010346,0,1,0,0,-1.0542972052897688,0.3,0,0,1,0
0,0.5714285714285714,0,0.2857142857142857,0.25,1,1,0,0,0,0,0,0,0,0,0,0,0,0,1,0,0,0,0,0,1,0,0,0,1,0,0,0,0,0,0,0,1,0,0,0,1,0,0,0,0,0,0,0,0,0,0,0,-0.6360321099595521,0,1,0,0,1.2122828424295518,0.9,0,0,1,0
0,0.5714285714285714,1,0.28251599147121537,0.20335820895522388,0,0,0,0,0,0,0,0,0,0,1,0,0,0,0,1,0,0,0,0,1,0,0,0,1,0,0,0,0,0,1,0,0,0,0,0,1,0,0,0,0,0,0,0,0,0,0,0,-0.8441796472944142,0,1,0,0,0.5927509627196041,0.8,0,0,1,0
0,0.0,0,0.2857142857142857,0.1,1,0,0,0,0,0,0,0,0,0,1,0,0,0,1,0,0,0,0,0,1,0,0,0,1,0,0,0,0,0,0,0,1,0,0,0,1,0,0,0,0,0,0,0,0,0,0,0,-0.27729193023693494,0,1,0,0,2.0886937942143557,1.0,1,0,0,0
1,0.14285714285714285,0,0.0,0.3,1,0,0,0,1,0,0,0,0,0,0,0,0,0,1,0,0,0,0,0,1,0,0,0,1,0,0,0,0,0,0,0,1,0,0,0,1,0,0,0,0,0,0,0,1,0,0,0,1.2731568425373534,0,1,0,0,0.5927509627196041,0.8,1,0,0,0
0,0.14285714285714285,0,0.5714285714285714,0.15,0,0,0,0,1,0,0,0,0,0,0,0,0,0,1,0,0,0,0,0,1,0,0,0,0,0,0,1,0,0,0,0,0,0,1,0,1,0,0,0,0,0,0,0,0,0,0,0,0.207487580020758,0,1,0,0,0.2754297560388993,0.7,0,0,1,0
0,0.14285714285714285,0,0.5714285714285714,0.15,0,0,0,0,1,0,0,0,0,0,0,0,0,0,1,0,0,0,0,0,1,0,0,0,0,0,0,1,0,0,0,0,0,0,1,0,1,0,0,0,0,0,0,0,0,0,0,0,-0.5648498017845789,0,1,0,0,1.9526989913511965,1.0,0,0,1,0
0,0.14285714285714285,0,0.5714285714285714,0.15,0,0,0,0,1,0,0,0,0,0,0,0,0,0,1,0,0,0,0,0,1,0,0,0,0,0,0,1,0,0,0,0,0,0,1,0,1,0,0,0,0,0,0,0,0,0,0,0,-0.8559450136142334,0,1,0,0,-1.4622816138792465,0.2,0,0,1,0
0,0.14285714285714285,0,0.5714285714285714,0.15,0,0,0,0,1,0,0,0,0,0,0,0,0,0,1,0,0,0,0,0,1,0,0,0,0,0,0,1,0,0,0,0,0,0,1,0,1,0,0,0,0,0,0,0,0,0,0,0,-0.8905092276023006,0,1,0,0,-0.6463127967002911,0.4,0,0,1,0
0,0.14285714285714285,0,0.5714285714285714,0.15,0,0,0,0,1,0,0,0,0,0,0,0,0,0,1,0,0,0,0,0,1,0,0,0,0,0,0,1,0,0,0,0,0,0,1,0,1,0,0,0,0,0,0,0,0,0,0,0,-1.2554174187876328,0,1,0,0,1.2576144433839382,0.9,0,0,1,0
0,0.14285714285714285,0,0.5714285714285714,0.15,0,0,0,0,1,0,0,0,0,0,0,0,0,0,1,0,0,0,0,0,1,0,0,0,0,0,0,1,0,0,0,0,0,0,1,0,1,0,0,0,0,0,0,0,0,0,0,0,-1.3466356611809218,0,1,0,0,-0.6463127967002911,0.4,0,0,1,0
0,0.14285714285714285,0,0.2857142857142857,0.05,0,0,0,0,0,0,0,0,0,0,1,0,0,0,1,0,0,0,0,0,1,0,0,0,1,0,0,0,0,0,0,0,1,0,0,0,1,0,0,0,0,0,0,0,0,0,0,0,-1.2089155830692642,0,1,0,0,0.16965602047866432,0.7,0,0,1,0
1,0.5714285714285714,0,0.2857142857142857,0.25,1,0,0,1,0,0,0,0,0,0,0,0,0,0,1,0,0,0,0,0,0,0,1,1,0,0,0,0,0,0,0,0,0,0,1,0,0,0,0,0,1,0,0,1,1,0,0,0,0.47792522221872435,0,0,0,1,-0.2081073208078891,0.6,1,0,0,0
0,0.5714285714285714,1,0.28251599147121537,0.20335820895522388,1,1,0,0,0,0,0,0,0,0,0,0,0,0,1,0,0,0,0,0,1,0,0,0,1,0,0,0,0,0,0,0,1,0,0,0,1,0,0,0,0,0,0,0,0,0,0,0,-0.17327275000132636,0,1,0,0,1.3784987125956354,0.9,0,1,0,0
1,0.0,0,0.14285714285714285,0.05,0,0,0,0,0,0,0,0,0,0,1,0,0,0,1,0,0,0,0,0,1,0,0,0,1,0,0,0,0,0,0,0,1,0,0,0,1,0,0,0,0,0,0,0,0,0,0,1,-0.15623453676205257,0,1,0,0,0.804298433840074,0.8,0,0,1,0
0,0.14285714285714285,1,0.28251599147121537,0.20335820895522388,0,0,0,0,0,0,0,0,0,0,1,0,0,0,0,1,0,0,0,0,1,0,0,1,0,0,0,0,0,0,1,0,0,0,0,0,1,0,0,0,0,0,0,0,0,0,0,0,-0.2006297412170458,0,0,1,0,0.9705143040061576,0.9,0,0,1,0
0,0.2857142857142857,0,0.5714285714285714,0.1,0,1,0,0,0,0,0,0,0,0,0,0,0,0,1,0,0,0,1,0,0,0,0,1,0,0,0,0,0,0,0,0,0,1,0,0,0,0,1,0,0,0,0,0,0,0,0,1,-0.0987600761966359,0,1,0,0,2.209578063426053,1.0,1,0,0,0
1,0.2857142857142857,0,0.14285714285714285,0.3,1,0,0,1,0,0,0,0,0,0,0,0,0,0,1,0,0,0,0,0,0,0,1,1,0,0,0,0,0,0,0,0,1,0,0,0,0,0,0,0,1,0,0,0,0,0,0,0,1.6448703159664262,0,1,0,0,1.454051380852946,1.0,0,0,1,0
1,0.42857142857142855,0,0.14285714285714285,0.25,1,0,0,0,1,0,0,0,0,0,0,0,0,0,1,0,0,0,0,0,0,0,1,0,1,0,0,0,0,0,0,0,1,0,0,0,1,0,0,0,0,0,0,0,1,0,0,0,0.8260606708304459,0,1,0,0,1.7562620538821887,1.0,0,0,1,0
1,0.5714285714285714,0,0.0,0.15,0,0,0,1,0,0,0,0,0,0,0,0,0,0,1,0,0,0,0,0,0,0,1,1,0,0,0,0,0,0,0,0,1,0,0,0,1,0,0,0,0,0,0,0,1,0,0,0,-0.15623453676205257,0,1,0,0,0.01855068396404296,0.6,1,0,0,0
1,0.14285714285714285,0,0.5714285714285714,0.15,1,0,0,0,0,0,0,0,0,0,1,0,0,0,1,0,0,0,0,0,1,0,0,0,1,0,0,0,0,0,0,0,1,0,0,0,1,0,0,0,0,0,0,0,1,0,0,0,-1.042797139533725,0,1,0,0,0.4265350925535207,0.8,1,0,0,0
1,0.5714285714285714,0,0.2857142857142857,0.25,1,0,0,0,0,0,0,0,0,0,1,0,0,0,1,0,0,0,0,0,1,0,0,0,1,0,0,0,0,0,0,0,1,0,0,0,1,0,0,0,0,0,0,0,1,0,0,0,-0.8564164595976931,0,1,0,0,-5.481683565168175,0.1,0,0,0,1
1,0.5714285714285714,0,0.14285714285714285,0.2,0,0,0,0,0,0,0,0,0,0,1,0,0,0,1,0,0,0,0,0,1,0,0,0,1,0,0,0,0,0,0,0,1,0,0,0,1,0,0,0,0,0,0,0,1,0,0,0,-0.5505449385774529,0,1,0,0,0.26031922238743715,0.7,0,0,0,1
1,0.0,0,0.14285714285714285,0.05,1,0,0,0,0,0,0,0,0,0,1,0,0,0,1,0,0,0,0,0,0,0,1,0,1,0,0,0,0,0,0,0,1,0,0,0,0,0,0,0,1,0,0,1,0,0,0,1,0.07570843092448677,0,1,0,0,0.5927509627196041,0.8,1,0,0,0
1,0.2857142857142857,0,0.2857142857142857,0.35,0,0,0,1,0,0,0,0,0,0,0,0,0,0,1,0,0,0,0,0,1,0,0,0,0,1,0,0,0,0,0,0,1,0,0,0,1,0,0,0,0,0,0,1,1,0,0,0,-0.22875669318099145,0,1,0,0,1.7864831211851129,1.0,1,0,0,0
1,0.2857142857142857,0,0.0,0.25,1,0,0,1,0,0,0,0,0,0,0,0,0,0,1,0,0,0,0,0,0,0,1,1,0,0,0,0,0,0,0,0,1,0,0,0,0,0,0,0,1,0,0,0,0,0,0,1,1.3746317960528198,0,1,0,0,1.2273933760810138,0.9,0,1,0,0
0,0.2857142857142857,1,0.28251599147121537,0.20335820895522388,1,0,0,0,1,0,0,0,0,0,0,0,0,0,1,0,0,0,1,0,0,0,0,0,1,0,0,0,0,0,0,0,1,0,0,0,1,0,0,0,0,0,0,0,0,0,0,0,-0.36020113126934805,0,0,0,1,-0.8276392005178367,0.3,0,0,0,1
0,0.2857142857142857,1,0.28251599147121537,0.20335820895522388,1,0,0,0,1,0,0,0,0,0,0,0,0,0,1,0,0,0,1,0,0,0,0,0,1,0,0,0,0,0,0,0,1,0,0,0,1,0,0,0,0,0,0,0,0,0,0,0,-0.6151175581098682,0,1,0,0,1.5144935154587944,1.0,0,0,0,1
1,0.2857142857142857,0,0.42857142857142855,0.4,1,0,0,0,0,0,0,0,0,0,1,0,0,0,1,0,0,0,1,0,0,0,0,0,1,0,0,0,0,0,0,0,1,0,0,0,0,0,0,0,1,0,0,1,0,0,0,1,0.6699914407560195,0,1,0,0,2.209578063426053,1.0,1,0,0,0
0,0.5714285714285714,0,0.42857142857142855,0.3,1,1,0,0,0,0,0,0,0,0,0,0,0,0,1,0,0,0,0,0,1,0,0,0,1,0,0,0,0,0,0,0,1,0,0,0,1,0,0,0,0,0,0,0,0,0,0,0,-0.3128441280100544,0,1,0,0,1.3784987125956354,0.9,0,1,0,0
0,0.0,0,0.5714285714285714,0.2,1,0,0,0,1,0,0,0,0,0,0,0,0,0,1,0,0,0,0,0,0,0,1,0,1,0,0,0,0,0,0,0,1,0,0,0,0,0,0,0,1,0,0,0,0,0,0,1,1.8312192069495337,0,0,0,1,-0.087223051596192,0.6,0,0,1,0
1,0.14285714285714285,0,0.0,0.3,0,0,0,0,0,0,0,0,0,0,1,0,0,0,1,0,0,0,0,0,1,0,0,0,1,0,0,0,0,0,0,0,1,0,0,0,1,0,0,0,0,0,0,0,1,0,0,0,-0.06650630125495025,0,1,0,0,1.559825116413181,1.0,0,0,1,0
0,0.14285714285714285,1,0.28251599147121537,0.20335820895522388,1,0,0,0,1,0,0,0,0,0,0,0,0,0,1,0,0,0,0,0,1,0,0,0,1,0,0,0,0,0,0,0,1,0,0,0,1,0,0,0,0,0,0,0,0,0,0,0,-0.6576884735403709,0,1,0,0,1.7411515202307266,1.0,0,0,1,0
0,0.14285714285714285,1,0.28251599147121537,0.20335820895522388,1,0,0,0,1,0,0,0,0,0,0,0,0,0,1,0,0,0,0,0,1,0,0,0,1,0,0,0,0,0,0,0,1,0,0,0,1,0,0,0,0,0,0,0,0,0,0,0,-0.7039440475715821,0,1,0,0,-1.0542972052897688,0.3,0,0,1,0
1,0.14285714285714285,0,0.5714285714285714,0.15,1,0,1,0,0,0,0,0,0,0,0,0,0,0,1,0,0,0,1,0,0,0,0,1,0,0,0,0,0,0,0,0,1,0,0,0,1,0,0,0,0,0,0,1,1,0,0,0,0.5506796394129436,0,1,0,0,0.8194089674915362,0.9,0,0,1,0
1,0.2857142857142857,0,0.14285714285714285,0.3,1,0,0,1,0,0,0,0,0,0,0,0,0,0,1,0,0,0,0,0,0,0,1,1,0,0,0,0,0,0,0,1,0,0,0,0,0,0,0,0,1,0,0,0,0,0,0,1,2.8581609055527033,0,0,0,1,0.16965602047866432,0.7,0,0,1,0
1,0.5714285714285714,0,0.2857142857142857,0.25,1,1,0,0,0,0,0,0,0,0,0,0,0,0,1,0,0,0,1,0,0,0,0,1,0,0,0,0,0,0,0,0,1,0,0,0,0,0,0,0,1,1,0,0,0,0,0,1,0.16708902690596894,0,1,0,0,2.209578063426053,1.0,1,0,0,0
1,0.5714285714285714,0,0.2857142857142857,0.25,1,0,0,0,0,0,0,0,0,0,1,0,0,0,1,0,0,0,0,0,1,0,0,0,1,0,0,0,0,0,0,0,1,0,0,0,1,0,0,0,0,0,0,0,1,0,0,0,0.2986992326878477,0,1,0,0,2.1793569961231287,1.0,0,0,1,0
1,0.5714285714285714,0,0.42857142857142855,0.3,0,0,0,0,0,0,0,0,0,0,1,0,0,0,1,0,0,0,0,0,1,0,0,0,1,0,0,0,0,0,0,0,0,0,1,0,1,0,0,0,0,0,0,0,1,0,0,0,-0.4486183374137116,0,0,0,1,-0.5556495947915182,0.4,0,0,0,1
1,0.14285714285714285,0,0.0,0.3,1,0,0,0,0,0,0,0,0,0,1,0,0,0,1,0,0,0,0,0,0,0,1,0,1,0,0,0,0,0,1,0,0,0,0,0,0,0,0,1,0,0,0,0,0,0,0,1,-0.03258801809642295,0,0,0,1,0.15454548682720218,0.7,0,0,1,0
0,0.14285714285714285,1,0.28251599147121537,0.20335820895522388,1,0,0,0,1,0,0,0,0,0,0,0,0,0,1,0,0,0,0,0,1,0,0,0,1,0,0,0,0,0,0,0,1,0,0,0,1,0,0,0,0,0,0,0,0,0,0,0,-0.6576884735403709,0,1,0,0,1.7411515202307266,1.0,0,0,1,0
0,0.14285714285714285,1,0.28251599147121537,0.20335820895522388,1,0,0,0,1,0,0,0,0,0,0,0,0,0,1,0,0,0,0,0,1,0,0,0,1,0,0,0,0,0,0,0,1,0,0,0,1,0,0,0,0,0,0,0,0,0,0,0,-0.7039440475715821,0,1,0,0,-1.0542972052897688,0.3,0,0,1,0
0,0.2857142857142857,0,0.0,0.25,1,0,0,0,0,0,0,0,0,0,1,0,0,0,0,1,0,0,0,0,1,0,0,0,0,0,1,0,0,0,0,0,1,0,0,0,0,0,0,0,1,0,0,0,0,0,0,0,0.029164168065173884,0,1,0,0,1.2576144433839382,0.9,0,0,1,0
0,0.2857142857142857,0,0.0,0.25,1,0,0,0,0,0,0,0,0,0,1,0,0,0,0,1,0,0,0,0,1,0,0,0,0,0,1,0,0,0,0,0,1,0,0,0,0,0,0,0,1,0,0,0,0,0,0,0,-1.316310178139219,0,1,0,0,0.9251827030517712,0.9,0,0,1,0
1,0.2857142857142857,0,0.5714285714285714,0.1,1,0,0,0,0,0,0,0,0,0,1,0,0,0,1,0,0,0,0,0,1,0,0,0,1,0,0,0,0,0,0,0,1,0,0,0,1,0,0,0,0,0,0,0,1,0,0,0,-0.603002719013412,0,1,0,0,0.4567561598564449,0.8,1,0,0,0
1,0.2857142857142857,0,0.5714285714285714,0.1,1,0,0,0,0,0,0,0,0,0,1,0,0,0,1,0,0,0,0,0,1,0,0,0,1,0,0,0,0,0,0,0,1,0,0,0,1,0,0,0,0,0,0,0,1,0,0,0,-0.6492583763542265,0,1,0,0,-1.0542972052897688,0.3,1,0,0,0
1,0.7142857142857143,0,0.0,0.45,0,0,0,0,0,0,0,0,0,0,1,0,0,0,0,1,0,0,0,0,1,0,0,1,0,0,0,0,0,0,0,0,1,0,0,0,1,0,0,0,0,1,0,0,0,0,0,1,0.3693482803514935,0,1,0,0,-1.4622816138792465,0.2,0,0,1,0
1,0.0,0,0.42857142857142855,0.15,1,0,0,1,0,0,0,0,0,0,0,0,0,0,1,0,0,0,0,0,0,0,1,1,0,0,0,0,0,0,0,0,1,0,0,0,0,0,0,0,1,0,0,0,0,0,0,0,0.8383766948762199,0,1,0,0,1.454051380852946,1.0,1,0,0,0
1,0.14285714285714285,0,0.42857142857142855,0.1,0,0,0,0,0,0,0,0,0,0,1,0,0,0,1,0,0,0,0,0,1,0,0,0,1,0,0,0,0,0,1,0,0,0,0,0,1,0,0,0,0,0,0,0,1,0,0,0,-0.10295506836813148,0,0,1,0,0.03366121761550509,0.6,0,0,1,0
1,0.0,0,0.42857142857142855,0.15,1,0,0,0,0,1,0,0,0,0,0,0,0,0,1,0,0,0,1,0,0,0,0,0,1,0,0,0,0,0,0,0,1,0,0,0,0,0,0,0,1,0,0,1,0,0,0,1,0.22371855204283242,0,1,0,0,0.683414164628377,0.8,0,1,0,0
1,0.0,0,0.5714285714285714,0.2,1,0,0,0,0,0,0,0,0,0,1,0,0,0,0,0,0,1,0,0,0,0,1,0,1,0,0,0,0,0,0,0,1,0,0,0,0,0,0,0,1,0,0,1,0,0,0,1,0.5880600312503368,0,1,0,0,1.680709385624878,1.0,0,0,0,1
0,0.2857142857142857,1,0.28251599147121537,0.20335820895522388,1,0,0,0,0,0,0,0,0,0,1,0,1,0,0,0,0,0,0,0,1,0,0,0,1,0,0,0,0,0,1,0,0,0,0,0,1,0,0,0,0,0,0,0,0,0,0,0,-1.4503661514700201,0,0,0,1,-0.14766518620204055,0.6,0,0,1,0
1,0.2857142857142857,0,0.42857142857142855,0.05,1,0,0,0,0,0,0,0,0,0,1,0,0,0,0,0,0,1,0,0,1,0,0,0,0,0,1,0,0,0,0,0,1,0,0,0,0,0,0,0,1,0,0,1,1,0,0,0,0.3897403257035897,0,1,0,0,-0.41965479192835903,0.5,0,0,1,0
1,0.42857142857142855,0,0.5714285714285714,0.05,1,0,0,0,1,0,0,0,0,0,0,0,1,0,0,0,0,0,0,0,0,0,1,0,1,0,0,0,0,0,0,0,1,0,0,0,0,0,0,0,1,0,0,1,0,0,0,1,1.3622490824030797,0,1,0,0,0.4567561598564449,0.8,1,0,0,0
0,0.42857142857142855,0,0.5714285714285714,0.05,1,0,0,0,1,0,0,0,0,0,0,0,1,0,0,0,0,0,0,0,0,0,1,0,1,0,0,0,0,0,0,0,1,0,0,0,0,0,0,0,1,0,0,1,0,0,0,1,1.3622490824030797,0,1,0,0,0.4567561598564449,0.8,1,0,0,0
1,0.42857142857142855,0,0.14285714285714285,0.25,1,0,0,0,0,0,0,0,0,0,1,0,0,0,0,0,0,1,0,0,0,0,1,0,1,0,0,0,0,0,0,0,1,0,0,0,1,0,0,0,0,0,0,1,1,0,0,0,-0.0987600761966359,0,1,0,0,0.7740773665371498,0.8,1,0,0,0
0,0.5714285714285714,1,0.28251599147121537,0.20335820895522388,1,0,0,0,0,0,0,0,0,0,1,0,1,0,0,0,0,0,0,0,1,0,0,0,1,0,0,0,0,0,1,0,0,0,0,0,1,0,0,0,0,0,0,0,0,0,0,0,-2.092439421687382,0,0,0,1,-0.14766518620204055,0.6,0,0,1,0
1,0.8571428571428571,0,0.2857142857142857,0.15,1,1,0,0,0,0,0,0,0,0,0,0,0,0,0,1,0,0,0,0,1,0,0,0,0,0,1,0,0,0,0,1,0,0,0,0,0,0,0,0,1,0,0,0,0,0,0,0,-0.3969602424375619,0,1,0,0,-0.07211251794472986,0.6,0,0,1,0
1,0.14285714285714285,0,0.0,0.3,1,0,0,0,0,0,0,0,0,0,1,0,0,0,1,0,0,0,0,0,1,0,0,0,1,0,0,0,0,0,0,0,1,0,0,0,0,0,0,0,1,0,0,1,1,0,0,0,0.5668181779202786,0,1,0,0,1.3784987125956354,0.9,0,0,1,0
1,0.14285714285714285,0,0.42857142857142855,0.1,0,0,0,0,0,0,0,0,0,0,1,0,0,0,1,0,0,0,0,0,1,0,0,0,1,0,0,0,0,0,1,0,0,0,0,0,1,0,0,0,0,0,0,0,1,0,0,0,-0.8799808165592942,0,0,1,0,1.2878355106868624,0.9,0,0,1,0
1,0.14285714285714285,0,0.42857142857142855,0.1,1,0,0,0,1,0,0,0,0,0,0,0,0,0,1,0,0,0,0,0,0,0,1,0,1,0,0,0,0,0,0,0,0,0,1,0,0,0,0,0,1,0,0,1,0,0,0,1,0.8835702462887848,0,1,0,0,0.683414164628377,0.8,0,0,1,0
1,0.2857142857142857,0,0.0,0.25,1,0,0,0,0,0,0,0,0,0,1,0,0,0,1,0,0,0,0,0,1,0,0,0,1,0,0,0,0,0,0,0,1,0,0,0,1,0,0,0,0,0,0,0,0,0,0,1,-0.7099894876394786,0,1,0,0,-1.0542972052897688,0.3,1,0,0,0
1,0.2857142857142857,0,0.42857142857142855,0.05,1,1,0,0,0,0,0,0,0,0,0,0,0,0,1,0,0,0,0,0,0,0,1,0,0,0,1,0,0,0,0,0,1,0,0,0,0,0,0,0,1,0,0,1,0,0,0,1,0.6712572551590289,0,1,0,0,1.2273933760810138,0.9,0,1,0,0
1,0.2857142857142857,0,0.42857142857142855,0.05,1,1,0,0,0,0,0,0,0,0,0,0,0,0,1,0,0,0,0,0,0,0,1,0,0,0,1,0,0,0,0,0,1,0,0,0,0,0,0,0,1,0,0,1,0,0,0,1,0.47957883672553636,0,1,0,0,0.01855068396404296,0.6,0,1,0,0
0,0.2857142857142857,1,0.28251599147121537,0.20335820895522388,1,1,0,0,0,0,0,0,0,0,0,0,0,0,1,0,0,0,0,0,0,0,1,0,0,0,1,0,0,0,0,0,1,0,0,0,1,0,0,0,0,0,0,0,0,0,0,0,-0.16730038319162807,0,1,0,0,0.683414164628377,0.8,0,1,0,0
1,0.2857142857142857,0,0.42857142857142855,0.05,1,0,0,0,0,0,0,0,0,0,1,0,0,0,1,0,0,0,0,0,1,0,0,0,1,0,0,0,0,0,0,0,1,0,0,0,1,0,0,0,0,0,0,0,1,0,0,0,-1.215439647951307,0,1,0,0,2.1793569961231287,1.0,0,0,1,0
1,0.5714285714285714,0,0.2857142857142857,0.25,1,0,0,0,0,0,0,0,0,0,1,0,0,0,1,0,0,0,0,0,1,0,0,1,0,0,0,0,0,0,0,0,1,0,0,0,1,0,0,0,0,0,0,0,1,0,0,0,-0.26209377770976483,0,0,0,1,-0.8276392005178367,0.3,1,0,0,0
1,0.5714285714285714,0,0.2857142857142857,0.25,1,0,0,0,0,0,0,0,0,0,1,0,0,0,1,0,0,0,1,0,0,0,0,1,0,0,0,0,0,0,0,0,1,0,0,0,0,0,0,0,1,0,0,0,1,0,0,0,0.5300908050047334,0,1,0,0,0.3660929579476721,0.7,1,0,0,0
1,0.0,0,0.5714285714285714,0.2,0,0,0,0,0,0,0,0,0,0,1,0,0,0,0,0,0,1,0,0,1,0,0,0,1,0,0,0,0,0,0,0,1,0,0,0,1,0,0,0,0,0,0,0,1,0,0,0,-0.4748101835131887,0,1,0,0,-1.5529448157880192,0.1,0,0,1,0
1,0.2857142857142857,0,0.0,0.25,0,0,0,0,0,0,0,0,0,0,1,0,0,0,1,0,0,0,0,0,1,0,0,1,0,0,0,0,0,0,0,0,1,0,0,0,1,0,0,0,0,0,0,0,1,0,0,0,-0.28285696476048305,0,0,0,1,0.12432441952427792,0.7,1,0,0,0
1,0.2857142857142857,0,0.0,0.25,0,0,0,0,0,0,0,0,0,0,1,0,0,0,1,0,0,0,0,0,1,0,0,1,0,0,0,0,0,0,0,0,1,0,0,0,1,0,0,0,0,0,0,0,1,0,0,0,-0.9839771958077216,0,0,0,1,-0.6916443976546774,0.4,1,0,0,0
1,0.42857142857142855,0,0.0,0.2,1,0,0,0,0,0,0,0,0,0,1,0,0,0,1,0,0,0,0,0,0,0,1,0,0,0,1,0,0,0,0,0,1,0,0,0,1,0,0,0,0,0,0,1,0,0,0,1,-0.6794781542754245,0,1,0,0,2.209578063426053,1.0,0,0,1,0
1,0.7142857142857143,0,0.2857142857142857,0.2,1,0,0,0,0,0,0,0,0,0,1,0,0,0,1,0,0,0,0,0,1,0,0,0,1,0,0,0,0,0,0,0,1,0,0,0,0,0,0,0,1,0,0,0,1,0,0,0,-0.22875669318099145,0,1,0,0,1.7864831211851129,1.0,0,0,1,0
1,0.0,0,0.14285714285714285,0.05,0,0,0,1,0,0,0,0,0,0,0,0,0,0,1,0,0,0,0,0,0,0,1,1,0,0,0,0,0,0,0,0,1,0,0,0,1,0,0,0,0,0,0,0,1,0,0,0,0.6651629518695048,0,0,0,1,-0.5556495947915182,0.4,0,0,1,0
0,0.0,1,0.28251599147121537,0.20335820895522388,0,0,0,0,0,0,0,0,0,0,1,0,0,0,1,0,0,0,0,0,1,0,0,0,1,0,0,0,0,0,0,0,1,0,0,0,1,0,0,0,0,0,0,0,0,0,0,0,-0.9926116111637928,0,1,0,0,0.01855068396404296,0.6,1,0,0,0
1,0.0,0,0.14285714285714285,0.05,1,0,0,1,0,0,0,0,0,0,0,0,0,0,1,0,0,0,0,0,0,0,1,1,0,0,0,0,0,0,0,0,1,0,0,0,0,0,0,0,1,0,0,1,0,0,0,1,0.4063782424712732,0,0,0,1,-0.44987585923128326,0.5,1,0,0,0
1,0.14285714285714285,0,0.5714285714285714,0.15,1,0,0,0,0,0,0,0,0,0,1,0,0,0,1,0,0,0,0,0,1,0,0,0,1,0,0,0,0,0,0,0,1,0,0,0,0,0,0,0,1,0,0,1,1,0,0,0,0.29733360649013485,0,1,0,0,0.01855068396404296,0.6,0,0,1,0
1,0.14285714285714285,0,0.5714285714285714,0.15,1,0,0,0,0,0,0,0,0,0,1,0,0,0,1,0,0,0,1,0,0,0,0,0,1,0,0,0,0,0,0,0,1,0,0,0,1,0,0,0,0,0,0,1,1,0,0,0,-0.7715474554328373,0,1,0,0,-2.6711243059962175,0.1,0,0,1,0
0,0.42857142857142855,0,0.2857142857142857,0.3,1,0,0,0,0,0,0,0,0,0,1,0,0,0,1,0,0,0,0,0,0,0,1,0,1,0,0,0,0,0,0,0,1,0,0,0,0,0,0,0,1,0,0,0,0,0,0,1,0.7219890655859169,0,1,0,0,1.7562620538821887,1.0,1,0,0,0
1,0.5714285714285714,0,0.2857142857142857,0.25,0,1,0,0,0,0,0,0,0,0,0,0,0,0,1,0,0,0,0,0,1,0,0,0,0,0,0,0,1,0,0,0,1,0,0,0,0,0,0,0,1,0,0,0,1,0,0,0,-0.682123321226706,0,1,0,0,1.892256856745348,1.0,0,0,1,0
0,0.5714285714285714,1,0.28251599147121537,0.20335820895522388,0,0,0,0,0,0,0,0,0,0,1,0,0,0,1,0,0,0,0,0,1,0,0,0,1,0,0,0,0,0,0,0,1,0,0,0,1,0,0,0,0,0,0,0,0,0,0,0,-0.13842792373873208,0,1,0,0,-2.323582032012588,0.1,0,0,1,0
1,0.14285714285714285,0,0.5714285714285714,0.15,0,0,0,0,0,0,0,0,0,0,1,0,0,0,0,0,1,0,0,0,1,0,0,0,0,0,0,0,1,0,1,0,0,0,0,0,1,0,0,0,0,0,0,0,1,0,0,0,-0.6562716283296149,0,1,0,0,0.7589668328856877,0.8,1,0,0,0
1,0.14285714285714285,0,0.2857142857142857,0.05,1,0,0,0,0,0,0,0,0,0,1,0,0,0,1,0,0,0,0,0,1,0,0,0,1,0,0,0,0,0,0,0,1,0,0,0,1,0,0,0,0,0,0,0,1,0,0,0,-0.7099894876394786,0,1,0,0,-1.0542972052897688,0.3,1,0,0,0
1,0.2857142857142857,0,0.42857142857142855,0.05,1,0,0,0,1,0,0,0,0,0,0,0,0,0,1,0,0,0,0,0,0,0,1,0,1,0,0,0,0,0,0,0,1,0,0,0,0,0,0,0,1,0,0,1,0,0,0,1,1.381124847376322,0,1,0,0,1.9526989913511965,1.0,1,0,0,0
0,0.5714285714285714,0,0.2857142857142857,0.25,1,0,0,0,0,0,0,0,0,0,1,0,0,0,1,0,0,0,0,0,1,0,0,0,1,0,0,0,0,0,0,0,1,0,0,0,1,0,0,0,0,0,0,0,1,0,0,0,0.7479929281410898,0,1,0,0,1.348277645292711,0.9,0,0,1,0
0,0.5714285714285714,0,0.2857142857142857,0.25,1,0,0,0,0,0,0,0,0,0,1,0,0,0,1,0,0,0,0,0,1,0,0,0,1,0,0,0,0,0,0,0,1,0,0,0,1,0,0,0,0,0,0,0,0,0,0,0,-0.13835174530934177,0,1,0,0,2.1793569961231287,1.0,0,0,1,0
0,0.5714285714285714,0,0.2857142857142857,0.25,1,0,0,0,0,0,0,0,0,0,1,0,0,0,1,0,0,0,0,0,0,0,1,0,1,0,0,0,0,0,0,0,1,0,0,0,1,0,0,0,0,0,0,0,1,0,0,0,0.09506781571986195,0,0,0,1,-0.9183024024266095,0.3,0,0,1,0
1,0.5714285714285714,0,0.2857142857142857,0.25,0,0,0,0,0,0,0,0,0,0,1,0,1,0,0,0,0,0,0,0,1,0,0,0,1,0,0,0,0,0,0,0,1,0,0,0,1,0,0,0,0,0,0,0,1,0,0,0,-1.2411653444280464,0,0,0,1,1.1820617751266276,0.9,1,0,0,0
0,0.14285714285714285,1,0.28251599147121537,0.20335820895522388,1,0,0,1,0,0,0,0,0,0,0,0,0,0,1,0,0,0,0,0,1,0,0,1,0,0,0,0,0,0,0,0,1,0,0,0,1,0,0,0,0,0,0,0,1,0,0,0,1.588257139707216,0,1,0,0,2.0886937942143557,1.0,1,0,0,0
1,0.14285714285714285,0,0.5714285714285714,0.15,1,0,0,0,0,0,0,0,0,0,1,0,0,0,1,0,0,0,0,0,1,0,0,0,1,0,0,0,0,0,0,0,1,0,0,0,1,0,0,0,0,0,0,0,1,0,0,0,-0.2538696874570501,0,1,0,0,2.209578063426053,1.0,0,1,0,0
1,0.42857142857142855,0,0.7142857142857143,0.1,0,0,0,0,0,0,0,0,0,0,1,0,0,0,1,0,0,0,0,0,1,0,0,0,1,0,0,0,0,0,0,0,1,0,0,0,1,0,0,0,0,0,0,0,1,0,0,0,0.4600594673775769,0,0,1,0,0.03366121761550509,0.6,1,0,0,0
1,0.42857142857142855,0,0.14285714285714285,0.25,0,0,0,0,0,0,0,0,1,0,0,0,0,0,1,0,0,0,0,0,1,0,0,1,0,0,0,0,0,0,0,0,1,0,0,0,1,0,0,0,0,0,0,0,1,0,0,0,-0.9909653753831119,0,1,0,0,1.7562620538821887,1.0,0,0,0,1
1,0.14285714285714285,0,0.0,0.3,0,0,0,1,0,0,0,0,0,0,0,0,0,0,1,0,0,0,1,0,0,0,0,0,0,0,0,0,0,1,1,0,0,0,0,0,1,0,0,0,0,0,0,0,1,0,0,0,-0.4094656044912028,0,0,0,1,-0.2534389217622755,0.5,0,0,1,0
1,0.14285714285714285,0,0.5714285714285714,0.15,1,0,0,0,0,0,0,0,0,0,1,0,0,0,1,0,0,0,0,0,1,0,0,0,0,0,1,0,0,0,0,0,1,0,0,0,1,0,0,0,0,0,0,0,1,0,0,0,-0.28285696476048305,0,1,0,0,-0.04189145064180559,0.6,1,0,0,0
1,0.42857142857142855,0,0.42857142857142855,0.35,0,0,0,0,0,0,0,0,0,0,1,0,0,0,0,0,0,1,1,0,0,0,0,0,1,0,0,0,0,0,0,0,1,0,0,0,1,0,0,0,0,0,0,0,1,0,0,0,0.13434678933311647,0,1,0,0,0.5927509627196041,0.8,0,0,1,0
0,0.0,0,0.42857142857142855,0.15,0,0,0,0,0,0,0,0,0,0,1,0,0,0,1,0,0,0,0,0,1,0,0,0,1,0,0,0,0,0,0,0,1,0,0,0,1,0,0,0,0,0,0,0,1,0,0,0,-0.3512095384628934,0,1,0,0,1.2576144433839382,0.9,0,1,0,0
1,0.0,0,0.42857142857142855,0.15,0,0,0,0,0,0,0,0,1,0,0,0,0,0,1,0,0,0,0,0,1,0,0,0,1,0,0,0,0,0,0,0,1,0,0,0,0,0,0,0,0,0,0,0,1,0,0,0,0.852752586938753,0,1,0,0,0.5927509627196041,0.8,0,0,0,1
1,0.14285714285714285,0,0.0,0.3,1,0,0,1,0,0,0,0,0,0,0,0,0,0,1,0,0,0,0,0,0,0,1,1,0,0,0,0,0,0,0,0,1,0,0,0,0,0,0,0,1,0,0,1,0,0,0,1,-0.23695113797393802,0,1,0,0,0.7287457655827634,0.8,0,0,1,0
1,0.14285714285714285,0,0.0,0.3,1,0,0,1,0,0,0,0,0,0,0,0,0,0,1,0,0,0,0,0,0,0,1,1,0,0,0,0,0,0,0,0,1,0,0,0,0,0,0,0,1,0,0,1,0,0,0,1,-0.4076899963099144,0,1,0,0,1.8167041884880373,1.0,0,1,0,0
1,0.14285714285714285,0,0.0,1.0,0,0,0,0,1,0,0,0,0,0,0,0,0,0,1,0,0,0,0,0,1,0,0,0,1,0,0,0,0,0,0,0,1,0,0,0,1,0,0,0,0,0,0,0,1,0,0,0,-0.31294462109583004,0,1,0,0,0.41142455890205853,0.8,0,0,0,1
1,0.14285714285714285,0,0.5714285714285714,0.15,1,0,0,0,0,0,0,0,0,0,1,0,0,0,1,0,0,0,1,0,0,0,0,0,1,0,0,0,0,0,0,0,1,0,0,0,0,0,0,0,1,0,0,0,1,0,0,0,0.31838160344261784,0,1,0,0,0.804298433840074,0.9,0,0,0,1
0,0.42857142857142855,1,0.28251599147121537,0.20335820895522388,1,0,0,0,0,0,0,0,0,0,1,0,0,0,1,0,0,0,0,0,1,0,0,0,1,0,0,0,0,0,0,0,1,0,0,0,1,0,0,0,0,0,0,0,0,0,0,0,-0.27258890987443846,0,1,0,0,-0.6463127967002911,0.4,0,0,1,0
1,0.5714285714285714,0,0.14285714285714285,0.2,1,0,0,0,0,0,0,0,0,0,1,0,0,0,1,0,0,0,1,0,0,0,0,1,0,0,0,0,0,0,0,0,1,0,0,0,1,0,0,0,0,0,0,1,1,0,0,0,-0.11198207803752051,0,1,0,0,2.11891486151728,1.0,0,0,1,0
1,0.0,0,0.2857142857142857,0.1,1,0,0,0,0,0,0,0,0,0,1,0,0,0,1,0,0,0,0,0,0,0,1,0,1,0,0,0,0,0,0,0,1,0,0,0,1,0,0,0,0,0,0,1,0,0,0,1,0.09506781571986195,0,0,0,1,-0.9183024024266095,0.3,0,0,1,0
1,0.0,0,0.2857142857142857,0.1,1,0,0,0,0,0,0,0,0,0,1,0,0,0,1,0,0,0,0,0,1,0,0,0,1,0,0,0,0,0,0,0,1,0,0,0,1,0,0,0,0,0,0,0,1,0,0,0,0.11242294558710136,0,1,0,0,0.804298433840074,0.8,0,0,1,0
0,0.42857142857142855,1,0.28251599147121537,0.20335820895522388,1,0,0,0,0,0,0,0,0,0,1,0,0,0,1,0,0,0,0,0,1,0,0,0,1,0,0,0,0,0,0,0,1,0,0,0,1,0,0,0,0,0,0,0,0,0,0,0,0.05230052447915357,0,1,0,0,2.11891486151728,1.0,0,0,1,0
1,0.5714285714285714,0,0.2857142857142857,0.25,0,0,0,0,0,0,0,0,0,0,1,0,0,0,1,0,0,0,0,0,0,0,1,0,1,0,0,0,0,0,0,0,1,0,0,0,1,0,0,0,0,0,0,0,1,0,0,0,1.5287069115857748,0,0,1,0,0.03366121761550509,0.6,0,0,0,1
0,0.0,0,0.2857142857142857,0.1,0,0,0,1,0,0,0,0,0,0,0,0,0,0,1,0,0,0,0,0,1,0,0,0,0,0,0,0,1,0,1,0,0,0,0,0,1,0,0,0,0,1,0,0,1,0,0,0,-0.20930550731546324,0,1,0,0,0.7287457655827634,0.8,0,0,1,0
1,0.2857142857142857,0,0.0,0.25,0,0,0,0,0,0,0,0,0,0,1,0,0,0,1,0,0,0,0,0,0,0,1,0,1,0,0,0,0,0,0,0,1,0,0,0,1,0,0,0,0,0,0,0,1,0,0,0,0.05891768439652589,0,1,0,0,0.1998770877815886,0.7,0,0,1,0
0,0.42857142857142855,0,0.5714285714285714,0.05,1,0,0,0,0,0,0,0,0,0,1,0,0,0,1,0,0,0,1,0,0,0,0,0,1,0,0,0,0,0,0,0,1,0,0,0,0,0,1,0,0,0,0,0,0,0,0,0,-0.49536251850607843,0,1,0,0,2.1793569961231287,1.0,0,1,0,0
0,0.42857142857142855,0,0.0,0.2,1,0,0,0,0,0,0,0,0,0,1,0,0,0,1,0,0,0,0,0,0,0,1,0,1,0,0,0,0,0,0,0,1,0,0,0,1,0,0,0,0,0,0,0,0,0,0,0,-0.16147829785397544,0,0,0,1,0.26031922238743715,0.7,0,0,1,0
0,0.5714285714285714,0,0.42857142857142855,0.3,0,0,0,1,0,0,0,0,0,0,0,0,0,0,1,0,0,0,0,0,0,0,1,1,0,0,0,0,0,0,0,0,1,0,0,0,1,0,0,0,0,0,0,0,1,0,0,0,2.394325663320873,0,1,0,0,1.8015936548365752,1.0,0,0,1,0
0,0.0,1,0.28251599147121537,0.20335820895522388,1,0,0,0,0,0,0,0,0,0,1,0,0,0,1,0,0,0,0,0,1,0,0,0,0,0,1,0,0,0,0,0,1,0,0,0,1,0,0,0,0,0,0,0,0,0,0,0,0.35722942096697047,0,0,0,1,-1.41695001292486,0.2,0,0,1,0
0,0.14285714285714285,1,0.28251599147121537,0.20335820895522388,1,0,0,0,0,0,0,0,0,0,1,0,0,0,1,0,0,0,0,0,1,0,0,0,1,0,0,0,0,0,0,0,1,0,0,0,1,0,0,0,0,0,0,0,0,0,0,0,-0.3745817375529745,0,0,0,1,1.121619640520779,0.9,0,0,1,0
1,0.14285714285714285,0,0.42857142857142855,0.1,1,0,0,0,0,0,0,0,0,0,1,0,0,0,1,0,0,0,0,0,0,0,1,0,1,0,0,0,0,0,0,0,1,0,0,0,0,0,0,0,1,0,0,1,0,0,0,1,0.7794692529516227,0,0,0,1,-0.44987585923128326,0.5,0,0,1,0
1,0.14285714285714285,0,0.42857142857142855,0.1,1,0,0,0,0,0,0,0,0,0,1,0,0,0,1,0,0,0,0,0,0,0,1,0,1,0,0,0,0,0,0,0,1,0,0,0,0,0,0,0,1,0,0,1,0,0,0,1,0.4379598430980135,0,0,0,1,-0.44987585923128326,0.5,0,0,1,0
0,0.2857142857142857,0,0.0,0.25,0,0,0,0,0,0,0,0,1,0,0,0,0,0,1,0,0,0,0,0,0,0,1,0,1,0,0,0,0,0,0,0,1,0,0,0,0,0,0,0,1,0,0,0,1,0,0,0,-0.2507613725468636,0,1,0,0,0.6078614963710663,0.8,0,0,1,0
1,0.5714285714285714,0,0.2857142857142857,0.6,1,0,0,0,0,0,0,0,0,0,1,0,0,0,1,0,0,0,0,0,1,0,0,0,1,0,0,0,0,0,0,0,1,0,0,0,1,0,0,0,0,1,0,0,1,0,0,0,0.7088873758132999,0,1,0,0,0.01855068396404296,0.6,0,0,1,0
0,0.0,1,0.28251599147121537,0.20335820895522388,0,0,0,0,0,0,0,0,0,0,1,0,0,0,1,0,0,0,0,0,1,0,0,0,0,0,1,0,0,0,0,0,1,0,0,0,1,0,0,0,0,0,0,0,0,0,0,0,0.566949117708356,0,1,0,0,1.2576144433839382,0.9,0,0,1,0
1,0.14285714285714285,0,0.5714285714285714,0.15,1,0,0,1,0,0,0,0,0,0,0,0,0,0,1,0,0,0,0,1,0,0,0,1,0,0,0,0,0,0,0,0,1,0,0,0,0,0,0,0,1,0,0,0,0,0,0,1,0.6551390161976272,0,1,0,0,2.11891486151728,1.0,1,0,0,0
1,0.14285714285714285,0,0.2857142857142857,0.05,0,0,0,0,0,0,0,0,0,0,1,0,0,0,1,0,0,0,0,0,1,0,0,0,1,0,0,0,0,0,0,0,1,0,0,0,1,0,0,0,0,0,0,0,1,0,0,0,-1.4611098059311038,0,1,0,0,-1.5529448157880192,0.1,0,0,0,1
1,0.14285714285714285,0,0.2857142857142857,0.05,0,0,0,0,0,0,0,0,0,0,1,0,0,0,1,0,0,0,0,0,1,0,0,0,1,0,0,0,0,0,0,0,1,0,0,0,1,0,0,0,0,0,0,0,1,0,0,0,-2.038590638308906,0,1,0,0,-1.5529448157880192,0.1,0,0,0,1
1,0.14285714285714285,0,0.2857142857142857,0.05,0,0,0,0,0,0,0,0,0,0,1,0,0,0,1,0,0,0,0,0,1,0,0,0,1,0,0,0,0,0,0,0,1,0,0,0,1,0,0,0,0,0,0,0,1,0,0,0,-2.0715444060235435,0,1,0,0,-1.5529448157880192,0.1,0,0,0,1
1,0.2857142857142857,0,0.42857142857142855,0.05,1,0,0,1,0,0,0,0,0,0,0,0,0,0,1,0,0,0,0,0,0,0,1,1,0,0,0,0,0,0,1,0,0,0,0,0,0,0,0,0,1,0,0,1,0,0,0,1,0.942118274093897,0,1,0,0,2.209578063426053,1.0,1,0,0,0
1,0.2857142857142857,0,0.42857142857142855,0.05,1,0,0,1,0,0,0,0,0,0,0,0,0,0,1,0,0,0,0,0,0,0,1,1,0,0,0,0,0,0,1,0,0,0,0,0,0,0,0,0,1,0,0,1,0,0,0,1,0.9117608422743232,0,1,0,0,2.209578063426053,1.0,1,0,0,0
0,0.14285714285714285,0,0.42857142857142855,0.1,1,0,0,0,1,0,0,0,0,0,0,0,0,0,1,0,0,0,0,0,1,0,0,0,1,0,0,0,0,0,0,0,1,0,0,0,0,0,0,0,1,0,0,1,0,0,0,1,1.0947233305766257,0,0,1,0,0.9705143040061576,0.9,0,0,1,0
1,0.2857142857142857,0,0.42857142857142855,0.05,1,0,0,0,1,0,0,0,0,0,0,0,0,0,0,0,0,1,0,0,0,0,1,0,1,0,0,0,0,0,0,0,1,0,0,0,0,0,0,0,1,0,0,1,0,0,0,1,2.0442744024879484,0,0,0,1,-1.41695001292486,0.2,0,0,1,0
1,0.2857142857142857,0,0.5714285714285714,0.1,0,0,0,0,0,0,0,0,0,0,1,0,0,0,0,0,0,1,0,0,1,0,0,0,0,0,1,0,0,0,0,0,1,0,0,0,1,0,0,0,0,0,0,0,1,0,0,0,0.566949117708356,0,1,0,0,1.2576144433839382,0.9,0,0,1,0
0,0.42857142857142855,0,0.14285714285714285,0.25,1,0,0,0,0,0,0,0,0,0,1,0,0,0,1,0,0,0,0,0,1,0,0,0,1,0,0,0,0,0,0,0,1,0,0,0,1,0,0,0,0,0,0,0,0,0,0,0,-0.5935753851045578,0,1,0,0,-0.1627757198535027,0.6,1,0,0,0
1,0.0,0,0.0,0.35,0,1,0,0,0,0,0,0,0,0,0,0,0,0,1,0,0,0,1,0,0,0,0,0,1,0,0,0,0,0,0,0,1,0,0,0,1,0,0,0,0,0,0,0,1,0,0,0,-1.033901375732429,0,1,0,0,1.0007353713090819,0.9,0,0,0,1
1,0.42857142857142855,0,0.2857142857142857,0.3,1,0,0,0,0,0,0,0,0,0,1,0,0,0,1,0,0,0,0,0,1,0,0,0,0,0,1,0,0,0,0,0,1,0,0,0,1,0,0,0,0,0,0,1,0,0,0,1,0.5770466710343488,0,0,0,1,-1.41695001292486,0.2,1,0,0,0
1,0.42857142857142855,0,0.0,0.2,0,0,0,0,1,0,0,0,0,0,0,0,0,0,1,0,0,0,0,0,0,0,1,0,1,0,0,0,0,0,0,0,1,0,0,0,0,0,0,0,1,0,0,0,1,0,0,0,0.6555365936742463,0,0,0,1,0.12432441952427792,0.7,0,0,1,0
0,0.8571428571428571,0,0.2857142857142857,0.15,1,0,0,0,0,0,0,0,0,0,1,0,0,0,1,0,0,0,0,0,1,0,0,0,1,0,0,0,0,0,0,0,1,0,0,0,1,0,0,0,0,0,0,0,0,0,0,0,-0.7821612397848962,0,1,0,0,-0.5707601284429804,0.4,1,0,0,0
0,0.14285714285714285,0,0.2857142857142857,0.05,0,0,0,0,1,0,0,0,0,0,0,0,0,0,1,0,0,0,0,0,1,0,0,0,1,0,0,0,0,0,0,0,1,0,0,0,0,0,0,0,1,0,0,0,0,0,0,0,0.736654593597856,0,1,0,0,0.8496300347944605,0.9,1,0,0,0
0,0.14285714285714285,0,0.5714285714285714,0.15,0,0,0,0,0,0,0,0,0,0,1,0,0,0,1,0,0,0,0,0,1,0,0,0,1,0,0,0,0,0,0,0,1,0,0,0,1,0,0,0,0,0,0,0,0,0,0,0,1.1765696102094987,0,1,0,0,1.4087197798985596,1.0,0,0,1,0
1,0.14285714285714285,0,0.5714285714285714,0.15,1,0,0,0,0,0,0,0,0,0,1,0,0,0,1,0,0,0,0,0,1,0,0,0,1,0,0,0,0,0,0,0,1,0,0,0,1,0,0,0,0,0,0,0,0,0,0,1,0.13670648240677616,0,1,0,0,0.789187900188612,0.8,0,1,0,0
0,0.2857142857142857,1,0.28251599147121537,0.20335820895522388,0,0,0,0,0,0,0,0,0,0,1,0,0,0,0,0,0,1,0,0,1,0,0,1,0,0,0,0,0,0,0,0,1,0,0,0,1,0,0,0,0,0,0,0,0,0,0,0,-0.9147651191714234,0,1,0,0,0.6229720300225284,0.8,1,0,0,0
0,0.2857142857142857,1,0.28251599147121537,0.20335820895522388,0,0,0,0,0,0,0,0,0,0,1,0,0,0,0,0,0,1,0,0,1,0,0,1,0,0,0,0,0,0,0,0,1,0,0,0,1,0,0,0,0,0,0,0,0,0,0,0,-1.350570891097626,0,1,0,0,-0.43476532557982117,0.5,1,0,0,0
1,0.5714285714285714,0,0.14285714285714285,0.2,1,0,0,0,1,0,0,0,0,0,0,0,0,0,1,0,0,0,0,0,1,0,0,0,1,0,0,0,0,0,0,0,1,0,0,0,0,0,1,0,0,0,0,1,1,0,0,0,1.3173045641026313,0,1,0,0,1.2576144433839382,0.9,0,0,1,0
1,0.0,0,0.2857142857142857,0.1,0,0,0,1,0,0,0,0,0,0,0,0,0,0,1,0,0,0,0,0,1,0,0,1,0,0,0,0,0,0,0,0,1,0,0,0,1,0,0,0,0,0,0,0,1,0,0,0,-0.5701085621956965,0,1,0,0,1.348277645292711,0.9,1,0,0,0
0,0.14285714285714285,1,0.28251599147121537,0.20335820895522388,0,0,0,0,0,0,0,0,0,0,1,0,0,0,1,0,0,0,0,0,1,0,0,0,1,0,0,0,0,0,1,0,0,0,0,0,1,0,0,0,0,0,0,0,0,0,0,0,-0.44191804819038816,0,1,0,0,2.103804327865818,1.0,0,0,1,0
0,0.14285714285714285,0,0.5714285714285714,0.15,0,0,0,0,0,0,0,0,0,0,1,0,0,0,1,0,0,0,0,0,1,0,0,0,1,0,0,0,0,0,0,0,1,0,0,0,1,0,0,0,0,0,0,0,0,0,0,0,-0.6053066834993215,0,1,0,0,0.26031922238743715,0.7,0,0,1,0
0,0.14285714285714285,0,0.5714285714285714,0.15,0,0,0,0,0,0,0,0,0,0,1,0,0,0,1,0,0,0,0,0,1,0,0,0,1,0,0,0,0,0,0,0,1,0,0,0,1,0,0,0,0,0,0,0,0,0,0,0,-0.6965321168346092,0,1,0,0,0.683414164628377,0.8,0,0,1,0
0,0.14285714285714285,0,0.5714285714285714,0.15,0,0,0,0,0,0,0,0,0,0,1,0,0,0,1,0,0,0,0,0,1,0,0,0,1,0,0,0,0,0,0,0,1,0,0,0,1,0,0,0,0,0,0,0,0,0,0,0,-0.784156947090047,0,0,0,1,0.7740773665371498,0.8,0,0,1,0
1,0.14285714285714285,0,0.42857142857142855,0.1,0,0,0,0,1,0,0,0,0,0,0,0,0,0,1,0,0,0,0,0,1,0,0,0,1,0,0,0,0,0,0,0,1,0,0,0,1,0,0,0,0,0,0,0,1,0,0,0,-0.9706929013059741,0,1,0,0,0.4265350925535207,0.8,0,0,1,0
1,0.2857142857142857,0,0.42857142857142855,0.05,0,0,0,0,0,0,0,0,0,0,1,0,0,0,1,0,0,0,0,0,0,1,0,0,1,0,0,0,0,0,0,0,1,0,0,0,1,0,0,0,0,1,0,0,1,0,0,0,-0.7733013461914162,0,1,0,0,1.106509106869317,0.9,0,0,0,1
0,0.42857142857142855,0,0.2857142857142857,0.3,0,0,0,0,0,0,0,0,0,0,1,0,0,0,1,0,0,0,0,0,1,0,0,0,1,0,0,0,0,0,0,0,1,0,0,0,1,0,0,0,0,0,0,0,0,0,0,0,0.7532195650336676,0,1,0,0,1.4087197798985596,1.0,0,0,1,0
1,0.5714285714285714,0,0.42857142857142855,0.3,1,0,0,0,0,0,0,0,0,0,1,0,0,0,1,0,0,0,0,0,1,0,0,0,1,0,0,0,0,0,0,0,1,0,0,0,1,0,0,0,0,0,0,0,1,0,0,0,-0.31526083332432636,0,1,0,0,0.41142455890205853,0.8,0,0,1,0
1,0.5714285714285714,0,0.42857142857142855,0.3,1,0,0,0,0,0,0,0,0,0,1,0,0,0,1,0,0,0,0,0,1,0,0,0,1,0,0,0,0,0,0,0,1,0,0,0,1,0,0,0,0,0,0,0,1,0,0,0,-0.5923744077860678,0,1,0,0,1.7864831211851129,1.0,0,0,1,0
1,0.5714285714285714,0,0.42857142857142855,0.3,1,0,0,0,0,0,0,0,0,0,1,0,0,0,1,0,0,0,0,0,1,0,0,0,1,0,0,0,0,0,0,0,1,0,0,0,1,0,0,0,0,0,0,0,1,0,0,0,-0.9848606648794649,0,1,0,0,1.7260409865792645,1.0,0,0,1,0
0,0.14285714285714285,0,0.2857142857142857,0.05,1,0,0,0,0,0,0,0,0,0,1,0,0,0,1,0,0,0,0,0,1,0,0,0,1,0,0,0,0,0,0,0,1,0,0,0,1,0,0,0,0,0,0,0,0,0,0,0,0.12648324848106107,0,1,0,0,0.18476655413012646,0.7,0,0,1,0
0,0.14285714285714285,1,0.28251599147121537,0.20335820895522388,1,0,0,0,1,0,0,0,0,0,0,0,0,0,1,0,0,0,0,0,1,0,0,0,1,0,0,0,0,0,0,0,1,0,0,0,1,0,0,0,0,0,0,0,0,0,0,0,0.8097672106218596,0,0,0,1,-0.5103179938371318,0.4,0,0,1,0
1,0.2857142857142857,0,0.0,0.25,0,0,0,0,0,0,0,0,0,0,1,0,0,0,1,0,0,0,0,0,1,0,0,0,0,0,1,0,0,0,0,0,1,0,0,0,1,0,0,0,0,0,0,0,1,0,0,0,0.25868211544495656,0,1,0,0,1.9678095250026586,1.0,1,0,0,0
1,0.42857142857142855,0,0.0,0.2,1,0,0,0,0,0,0,0,0,0,1,0,0,0,1,0,0,0,0,0,0,0,1,0,1,0,0,0,0,0,0,0,1,0,0,0,0,0,0,0,1,0,0,1,0,0,0,1,-0.4030487541190547,0,1,0,0,0.18476655413012646,0.7,1,0,0,0
1,0.5714285714285714,0,0.14285714285714285,0.2,1,0,0,0,1,0,0,0,0,0,0,0,0,0,1,0,0,0,0,0,1,0,0,1,0,0,0,0,0,0,0,0,1,0,0,0,1,0,0,0,0,0,0,0,0,0,0,1,0.4306208647765532,0,1,0,0,1.6353777846704916,1.0,0,0,1,0
1,0.5714285714285714,0,0.2857142857142857,0.25,1,0,0,0,0,0,0,0,0,0,1,0,0,0,1,0,0,0,0,0,1,0,0,0,1,0,0,0,0,0,0,0,1,0,0,0,1,0,0,0,0,0,0,0,1,0,0,0,-0.16405157969259104,0,1,0,0,1.559825116413181,1.0,1,0,0,0
1,0.0,0,0.0,0.0,1,0,0,0,0,0,0,0,0,0,1,0,0,0,1,0,0,0,0,0,0,0,1,0,1,0,0,0,0,0,0,0,1,0,0,0,0,0,0,0,1,0,0,1,0,0,0,1,-0.22307116928770462,0,1,0,0,0.18476655413012646,0.7,1,0,0,0
1,0.2857142857142857,0,0.42857142857142855,0.05,1,0,0,0,0,0,0,0,0,0,1,0,0,0,1,0,0,0,0,0,0,0,1,0,1,0,0,0,0,0,0,0,1,0,0,0,0,0,0,0,1,0,0,1,0,0,0,1,-0.48811687190248876,0,1,0,0,0.3660929579476721,0.7,0,0,1,0
0,0.42857142857142855,1,0.28251599147121537,0.20335820895522388,1,0,0,0,0,0,0,0,0,0,1,0,0,0,1,0,0,0,0,0,1,0,0,1,0,0,0,0,0,0,0,0,1,0,0,0,1,0,0,0,0,0,0,0,0,0,0,0,0.9996938587230105,0,0,0,1,-2.0213713589833455,0.1,0,0,1,0
0,0.42857142857142855,1,0.28251599147121537,0.20335820895522388,1,0,0,0,0,0,0,0,0,0,1,0,0,0,1,0,0,0,0,0,1,0,0,1,0,0,0,0,0,0,0,0,1,0,0,0,1,0,0,0,0,0,0,0,0,0,0,0,0.9996938587230105,0,0,0,1,-2.0213713589833455,0.1,0,0,1,0
0,0.42857142857142855,1,0.28251599147121537,0.20335820895522388,1,0,0,0,0,0,0,0,0,0,1,0,0,0,1,0,0,0,0,0,1,0,0,1,0,0,0,0,0,0,0,0,1,0,0,0,1,0,0,0,0,0,0,0,0,0,0,0,0.9996938587230105,0,0,0,1,-2.0213713589833455,0.1,0,0,1,0
0,0.42857142857142855,1,0.28251599147121537,0.20335820895522388,1,0,0,0,0,0,0,0,0,0,1,0,0,0,1,0,0,0,0,0,1,0,0,1,0,0,0,0,0,0,0,0,1,0,0,0,1,0,0,0,0,0,0,0,0,0,0,0,0.9996938587230105,0,0,0,1,-2.0213713589833455,0.1,0,0,1,0
0,0.42857142857142855,1,0.28251599147121537,0.20335820895522388,1,0,0,0,0,0,0,0,0,0,1,0,0,0,1,0,0,0,0,0,1,0,0,1,0,0,0,0,0,0,0,0,1,0,0,0,1,0,0,0,0,0,0,0,0,0,0,0,0.9996938587230105,0,0,0,1,-2.0213713589833455,0.1,0,0,1,0
1,0.0,0,0.42857142857142855,0.15,1,0,0,0,1,0,0,0,0,0,0,0,0,0,1,0,0,0,0,0,1,0,0,0,1,0,0,0,0,0,0,0,1,0,0,0,1,0,0,0,0,0,0,1,1,0,0,0,-0.4988203399576441,0,0,0,1,0.3056508233418236,0.7,0,0,1,0
0,0.0,0,0.2857142857142857,0.1,1,0,0,0,0,0,0,0,0,0,1,0,0,0,1,0,0,0,0,0,1,0,0,0,1,0,0,0,0,0,0,0,1,0,0,0,1,0,0,0,0,0,0,0,0,0,0,0,0.6048685028767382,0,1,0,0,-0.6463127967002911,0.4,1,0,0,0
0,0.0,1,0.28251599147121537,0.20335820895522388,1,0,0,0,1,0,0,0,0,0,0,0,0,0,1,0,0,0,0,0,0,0,1,0,1,0,0,0,0,0,0,0,1,0,0,0,1,0,0,0,0,0,0,0,0,0,0,0,0.6007230817393906,0,1,0,0,0.683414164628377,0.8,0,0,1,0
1,0.0,0,0.2857142857142857,0.1,1,0,0,0,0,0,0,0,0,0,1,0,0,0,1,0,0,0,0,0,0,0,1,0,1,0,0,0,0,0,0,0,1,0,0,0,0,0,0,0,1,0,0,1,0,0,0,1,1.005295546620027,0,0,0,1,0.9251827030517712,0.9,0,0,1,0
0,0.14285714285714285,0,0.42857142857142855,0.1,0,0,0,0,0,0,0,0,0,0,1,0,0,0,1,0,0,0,1,0,0,0,0,0,1,0,0,0,0,0,0,0,1,0,0,0,1,0,0,0,0,1,0,0,1,0,0,0,-0.14786379481941375,0,1,0,0,-0.48009692653420755,0.5,0,0,1,0
1,0.14285714285714285,0,0.0,0.3,1,0,0,0,0,0,0,0,0,0,1,0,0,0,1,0,0,0,0,0,1,0,0,0,1,0,0,0,0,0,0,0,1,0,0,0,0,0,0,0,1,0,0,1,1,0,0,0,0.5833030560874454,0,1,0,0,1.0913985732178546,0.9,0,0,1,0
1,0.2857142857142857,0,0.14285714285714285,0.3,1,0,0,0,1,0,0,0,0,0,0,0,0,0,1,0,0,0,0,0,0,0,1,0,1,0,0,0,0,0,0,0,1,0,0,0,0,0,0,0,1,0,0,1,0,0,0,1,0.7220619246970393,0,1,0,0,0.8496300347944605,0.9,0,0,1,0
1,0.5714285714285714,0,0.0,0.15,1,0,0,0,1,0,0,0,0,0,0,0,0,0,1,0,0,0,0,0,0,0,1,0,1,0,0,0,0,0,0,0,1,0,0,0,0,0,0,0,1,0,0,1,0,0,0,1,1.17170327535282,0,0,0,1,-0.087223051596192,0.6,0,0,1,0
0,0.7142857142857143,1,0.28251599147121537,0.20335820895522388,1,0,0,0,0,0,0,1,0,0,0,0,0,0,1,0,0,0,0,0,1,0,0,0,1,0,0,0,0,0,0,0,1,0,0,0,1,0,0,0,0,0,0,0,0,0,0,0,-1.7648589250079347,0,1,0,0,0.1998770877815886,0.7,0,0,1,0
0,0.0,0,0.42857142857142855,0.15,0,0,0,0,0,0,0,0,0,0,1,0,0,0,1,0,0,0,0,0,1,0,0,0,1,0,0,0,0,0,0,0,1,0,0,0,0,0,1,0,0,1,0,0,1,0,0,0,0.7243390156740113,0,1,0,0,0.8194089674915362,0.9,0,0,1,0
1,0.0,0,0.42857142857142855,0.15,0,0,0,0,0,0,0,0,0,0,1,0,0,0,1,0,0,0,1,0,0,0,0,0,1,0,0,0,0,0,0,0,1,0,0,0,0,0,1,0,0,1,0,0,1,0,0,0,-1.0605509125994645,0,1,0,0,1.2576144433839382,0.9,0,0,1,0
1,0.5714285714285714,0,0.2857142857142857,0.25,0,0,0,1,0,0,0,0,0,0,0,0,0,0,1,0,0,0,0,0,1,0,0,1,0,0,0,0,0,0,0,0,1,0,0,0,0,0,0,0,1,0,0,1,0,0,0,1,0.08518763984648953,0,0,0,1,-0.2534389217622755,0.5,1,0,0,0
0,0.2857142857142857,0,0.2857142857142857,0.0,1,0,0,0,0,0,0,0,0,0,1,0,0,0,1,0,0,0,0,0,1,0,0,0,1,0,0,0,0,0,0,0,1,0,0,0,1,0,0,0,0,0,0,0,0,0,0,0,-0.5814116242415429,0,1,0,0,0.8496300347944605,0.9,0,0,1,0
1,0.2857142857142857,0,0.0,0.25,0,0,0,0,0,0,1,0,0,0,0,0,0,0,1,0,0,0,0,0,1,0,0,0,0,0,0,0,1,0,0,0,1,0,0,0,0,0,1,0,0,0,0,0,0,0,0,0,-0.08162208592384759,1,0,0,0,1.023836795043372e-16,0.5,0,0,1,0
1,0.2857142857142857,0,0.14285714285714285,0.3,1,0,0,0,0,0,0,0,0,0,1,0,0,0,1,0,0,0,0,0,1,0,0,0,1,0,0,0,0,0,0,0,1,0,0,0,0,0,1,0,0,0,0,0,0,0,0,0,0.2222602907805419,0,1,0,0,0.8194089674915362,0.9,0,0,1,0
0,0.2857142857142857,0,0.0,0.25,0,1,0,0,0,0,0,0,0,0,0,0,0,0,1,0,0,0,0,0,1,0,0,0,1,0,0,0,0,0,0,0,1,0,0,0,0,0,1,0,0,0,1,0,0,0,1,0,0.04075231967726298,0,1,0,0,0.26031922238743715,0.7,0,0,1,0
0,0.42857142857142855,0,0.5714285714285714,0.05,1,0,0,0,1,0,0,0,0,0,0,0,0,0,1,0,0,0,0,0,0,0,1,0,1,0,0,0,0,0,0,0,1,0,0,0,0,0,0,0,1,0,0,0,0,0,0,0,1.682546604479751,0,0,0,1,0.7740773665371498,0.8,1,0,0,0
0,0.42857142857142855,0,0.5714285714285714,0.05,1,0,0,0,1,0,0,0,0,0,0,0,0,0,1,0,0,0,0,0,0,0,1,0,1,0,0,0,0,0,0,0,1,0,0,0,0,0,0,0,1,0,0,0,0,0,0,0,1.610682925813687,0,1,0,0,0.7740773665371498,0.8,1,0,0,0
0,0.42857142857142855,0,0.5714285714285714,0.05,1,0,0,0,1,0,0,0,0,0,0,0,0,0,1,0,0,0,0,0,0,0,1,0,1,0,0,0,0,0,0,0,1,0,0,0,0,0,0,0,1,0,0,0,0,0,0,0,0.714181555587921,0,0,0,1,0.7740773665371498,0.8,1,0,0,0
1,0.42857142857142855,0,0.2857142857142857,0.3,1,0,0,0,1,0,0,0,0,0,0,0,0,0,1,0,0,0,1,0,0,0,0,0,1,0,0,0,0,0,0,0,1,0,0,0,0,0,1,0,0,0,0,0,0,0,0,0,0.4674868608509073,0,1,0,0,-0.087223051596192,0.6,0,1,0,0
0,0.0,0,0.42857142857142855,0.15,1,0,0,0,1,0,0,0,0,0,0,0,0,0,1,0,0,0,0,0,0,0,1,0,1,0,0,0,0,0,0,0,1,0,0,0,0,0,0,0,1,0,0,1,0,0,0,1,1.9103127851023294,0,0,0,1,-1.41695001292486,0.2,0,0,1,0
0,0.0,1,0.28251599147121537,0.20335820895522388,1,0,0,0,0,0,0,0,0,0,1,0,0,0,1,0,0,0,0,0,1,0,0,0,1,0,0,0,0,0,0,0,1,0,0,0,1,0,0,0,0,0,0,0,0,0,0,0,0.051741109888538486,0,0,0,1,-0.5103179938371318,0.4,0,0,1,0
1,0.2857142857142857,0,0.14285714285714285,0.3,0,0,0,0,0,0,0,0,0,0,1,0,0,0,1,0,0,0,0,0,1,0,0,0,1,0,0,0,0,0,0,0,1,0,0,0,0,0,1,0,0,0,0,0,0,0,0,0,-0.106371778326242,0,1,0,0,1.9678095250026586,1.0,1,0,0,0
0,0.2857142857142857,0,0.14285714285714285,0.3,1,0,0,0,0,0,0,0,0,0,1,1,0,0,0,0,0,0,0,0,1,0,0,0,1,0,0,0,0,0,0,0,1,0,0,0,1,0,0,0,0,0,0,0,1,0,0,0,0.4985067119201824,0,1,0,0,0.1998770877815886,0.7,0,0,1,0
1,0.2857142857142857,0,0.5714285714285714,0.1,1,0,0,0,0,0,0,0,0,0,1,0,0,0,1,0,0,0,0,0,1,0,0,0,1,0,0,0,0,0,0,0,1,0,0,0,1,0,0,0,0,0,0,1,0,0,0,1,-0.45139726887399084,0,1,0,0,1.8469252557909615,1.0,0,0,1,0
0,0.5714285714285714,1,0.28251599147121537,0.20335820895522388,0,0,0,0,0,0,0,0,0,0,1,0,0,0,1,0,0,0,0,0,1,0,0,0,1,0,0,0,0,0,1,0,0,0,0,0,1,0,0,0,0,0,0,0,0,0,0,0,-0.5307057802370342,0,1,0,0,0.7589668328856877,0.8,1,0,0,0
0,0.5714285714285714,1,0.28251599147121537,0.20335820895522388,0,0,0,0,0,0,0,0,0,0,1,0,1,0,0,0,0,0,0,0,1,0,0,0,1,0,0,0,0,0,0,0,1,0,0,0,1,0,0,0,0,0,0,0,0,0,0,0,-0.8871126460000696,0,0,0,1,-0.7823075995634503,0.3,1,0,0,0
1,0.5714285714285714,0,0.42857142857142855,0.3,1,0,0,1,0,0,0,0,0,0,0,0,0,0,1,0,0,0,0,0,1,0,0,0,0,0,0,0,1,0,0,0,1,0,0,0,1,0,0,0,0,0,0,1,1,0,0,0,1.0933358230166519,0,0,0,1,-0.44987585923128326,0.5,1,0,0,0
0,0.5714285714285714,0,0.2857142857142857,0.25,1,0,0,0,0,0,0,0,0,1,0,0,0,0,1,0,0,0,0,0,0,0,1,0,1,0,0,0,0,0,0,0,1,0,0,0,0,1,0,0,0,0,0,0,1,0,0,0,1.682546604479751,0,0,0,1,0.7740773665371498,0.8,0,0,1,0
0,0.5714285714285714,0,0.2857142857142857,0.25,1,0,0,0,0,0,1,0,0,0,0,0,0,0,1,0,0,0,0,0,0,0,1,0,1,0,0,0,0,0,0,0,1,0,0,0,0,1,0,0,0,0,0,0,1,0,0,0,1.610682925813687,0,1,0,0,0.7740773665371498,0.8,0,0,1,0
1,0.5714285714285714,0,0.2857142857142857,0.25,1,0,0,0,0,0,1,0,0,0,0,0,0,0,1,0,0,0,0,0,0,0,1,0,1,0,0,0,0,0,0,0,1,0,0,1,0,0,0,0,0,0,0,1,0,1,0,0,0.714181555587921,0,0,0,1,0.7740773665371498,0.8,0,0,1,0
0,0.0,0,0.0,0.0,1,0,0,0,0,0,1,0,0,0,0,0,0,0,1,0,0,0,0,0,0,1,0,0,0,0,0,0,1,0,0,0,1,0,0,0,0,0,0,0,1,0,0,0,0,0,0,0,3.8857323610444734,0,1,0,0,1.9678095250026586,1.0,1,0,0,0
1,0.0,0,0.2857142857142857,0.1,1,0,0,0,0,0,0,0,0,0,1,0,0,0,1,0,0,0,0,0,0,0,1,0,1,0,0,0,0,0,0,0,1,0,0,0,1,0,0,0,0,0,0,1,0,0,0,1,-0.1793208765095151,0,1,0,0,1.9526989913511965,1.0,0,0,1,0
1,0.2857142857142857,0,0.14285714285714285,0.3,0,0,0,0,0,0,0,0,0,0,1,0,0,0,1,0,0,0,0,0,1,0,0,0,1,0,0,0,0,0,0,0,1,0,0,0,1,0,0,0,0,1,0,0,1,0,0,0,0.669653348577378,0,1,0,0,0.8194089674915362,0.9,0,0,1,0
1,0.2857142857142857,0,0.0,0.25,0,0,0,0,0,0,0,0,0,1,0,0,0,0,1,0,0,0,1,0,0,0,0,0,1,0,0,0,0,0,0,0,0,0,1,0,0,0,0,0,1,0,0,0,0,0,0,0,-0.6463498454224078,0,1,0,0,1.2122828424295518,0.9,0,0,1,0
1,0.14285714285714285,0,0.2857142857142857,0.05,1,0,0,1,0,0,0,0,0,0,0,0,0,0,1,0,0,0,0,0,1,0,0,1,0,0,0,0,0,0,1,0,0,0,0,0,1,0,0,0,0,0,0,0,1,0,0,0,-1.1839149902620998,0,0,0,1,0.09410335222135364,0.7,0,0,0,1
1,0.14285714285714285,0,0.5714285714285714,0.15,1,1,0,0,0,0,0,0,0,0,0,0,0,0,1,0,0,0,1,0,0,0,0,0,0,0,1,0,0,0,0,0,1,0,0,0,0,0,1,0,0,0,0,0,1,0,0,0,-0.4471678639187641,0,1,0,0,0.12432441952427792,0.7,0,0,0,1
1,0.2857142857142857,0,0.0,0.25,0,0,0,1,0,0,0,0,0,0,0,0,0,0,0,1,0,0,0,0,0,0,1,0,1,0,0,0,0,0,0,0,1,0,0,0,0,0,1,0,0,0,0,0,1,0,0,0,-0.6483628086900001,0,1,0,0,1.6353777846704916,1.0,0,0,1,0
1,0.2857142857142857,0,0.14285714285714285,0.3,0,0,0,0,1,0,0,0,0,0,0,0,0,0,1,0,0,0,0,0,0,0,1,0,1,0,0,0,0,0,0,0,1,0,0,0,0,0,1,0,0,0,0,0,1,0,0,0,1.0398566174791875,0,1,0,0,1.4087197798985596,1.0,0,0,1,0
0,0.2857142857142857,1,0.28251599147121537,0.20335820895522388,0,0,0,0,0,0,0,0,1,0,0,0,0,0,1,0,0,0,0,0,1,0,0,0,0,0,0,0,1,0,0,0,1,0,0,0,0,0,1,0,0,0,0,0,0,0,0,0,-1.0840502173997137,0,1,0,0,-0.087223051596192,0.6,0,0,1,0
0,0.2857142857142857,1,0.28251599147121537,0.20335820895522388,0,0,0,0,0,0,0,0,1,0,0,0,0,0,1,0,0,0,0,0,1,0,0,0,0,0,0,0,1,0,0,0,1,0,0,0,0,0,1,0,0,0,0,0,0,0,0,0,-1.4280851127765137,1,0,0,0,1.023836795043372e-16,0.5,0,0,1,0
0,0.2857142857142857,1,0.28251599147121537,0.20335820895522388,0,0,0,0,0,0,0,0,1,0,0,0,0,0,1,0,0,0,0,0,1,0,0,0,0,0,0,0,1,0,0,0,1,0,0,0,0,0,1,0,0,0,0,0,0,0,0,0,-1.5668544449129145,0,1,0,0,-0.38943372462543474,0.5,0,0,1,0
0,0.5714285714285714,0,0.2857142857142857,0.25,1,0,0,0,0,0,0,0,0,0,1,0,0,0,1,0,0,0,0,0,1,0,0,0,1,0,0,0,0,0,0,0,1,0,0,1,0,0,0,0,0,0,0,0,0,0,0,0,1.2819464002214798,0,1,0,0,0.12432441952427792,0.7,0,0,1,0
1,0.5714285714285714,0,0.42857142857142855,0.3,0,1,0,0,0,0,0,0,0,0,0,0,0,0,1,0,0,0,0,0,1,0,0,0,1,0,0,0,0,0,0,0,1,0,0,0,0,0,1,0,0,0,0,0,1,0,0,0,0.04075231967726298,0,1,0,0,0.26031922238743715,0.7,0,0,1,0
1,0.7142857142857143,0,0.2857142857142857,0.2,1,0,0,0,0,0,0,0,0,0,1,0,0,0,1,0,0,0,0,0,1,0,0,0,1,0,0,0,0,0,0,0,1,0,0,0,0,0,0,0,1,1,0,0,0,0,0,1,0.3742988057267038,0,1,0,0,1.9526989913511965,1.0,0,0,0,1
1,0.8571428571428571,0,0.42857142857142855,0.2,1,0,0,0,0,1,0,0,0,0,0,0,0,0,1,0,0,0,0,0,1,0,0,0,1,0,0,0,0,0,1,0,0,0,0,0,0,0,1,0,0,0,0,0,1,0,0,0,-0.1324029878959708,0,1,0,0,1.2425039097324762,0.9,0,0,1,0
1,0.0,0,0.14285714285714285,0.4,0,0,0,0,1,0,0,0,0,0,0,0,0,0,1,0,0,0,0,0,1,0,0,1,0,0,0,0,0,0,0,0,1,0,0,0,0,0,1,0,0,0,0,0,1,0,0,0,0.6958749591010512,0,0,0,1,-2.0213713589833455,0.1,0,0,1,0
1,0.0,0,0.14285714285714285,0.05,1,0,0,0,0,0,0,0,0,0,1,0,0,0,1,0,0,0,1,0,0,0,0,0,1,0,0,0,0,0,0,0,1,0,0,0,0,0,1,0,0,1,0,0,1,0,0,0,0.1774473301734084,0,1,0,0,1.559825116413181,1.0,0,1,0,0
1,0.0,0,0.14285714285714285,0.4,0,0,0,0,1,0,0,0,0,0,0,0,0,0,1,0,0,0,0,0,1,0,0,1,0,0,0,0,0,0,0,0,1,0,0,0,0,0,1,0,0,0,0,0,1,0,0,0,0.5763903604387282,0,0,0,1,-2.0213713589833455,0.1,0,1,0,0
1,0.0,0,0.14285714285714285,0.4,0,0,0,0,1,0,0,0,0,0,0,0,0,0,1,0,0,0,0,0,1,0,0,1,0,0,0,0,0,0,0,0,1,0,0,0,0,0,1,0,0,0,0,0,1,0,0,0,1.795101419576608,0,0,0,1,-2.0213713589833455,0.1,0,1,0,0
1,0.0,0,0.14285714285714285,0.4,0,0,0,0,1,0,0,0,0,0,0,0,0,0,1,0,0,0,0,0,1,0,0,1,0,0,0,0,0,0,0,0,1,0,0,0,0,0,1,0,0,0,0,0,1,0,0,0,1.1343180404495965,0,0,0,1,-2.0213713589833455,0.1,0,1,0,0
0,0.0,1,0.28251599147121537,0.20335820895522388,1,0,0,0,0,0,0,0,0,0,1,0,0,0,1,0,0,0,0,0,1,0,0,0,1,0,0,0,0,0,0,0,1,0,0,0,1,0,0,0,0,0,0,0,0,0,0,0,-0.024395680078355266,0,1,0,0,2.209578063426053,1.0,0,0,1,0
1,0.0,0,0.14285714285714285,0.4,0,0,0,0,1,0,0,0,0,0,0,0,0,0,1,0,0,0,0,0,1,0,0,1,0,0,0,0,0,0,0,0,1,0,0,0,0,0,1,0,0,0,0,0,1,0,0,0,-0.5617929637731761,0,0,0,1,-2.0213713589833455,0.1,0,0,1,0
1,0.0,0,0.14285714285714285,0.4,0,0,0,0,1,0,0,0,0,0,0,0,0,0,1,0,0,0,0,0,1,0,0,1,0,0,0,0,0,0,0,0,1,0,0,0,0,0,1,0,0,0,0,0,1,0,0,0,1.1106436485679767,0,0,0,1,-2.0213713589833455,0.1,0,0,1,0
1,0.14285714285714285,0,0.2857142857142857,0.4,1,0,0,1,0,0,0,0,0,0,0,0,0,0,1,0,0,0,0,0,0,0,1,1,0,0,0,0,0,0,0,0,1,0,0,0,0,0,0,0,1,0,0,1,0,0,0,1,1.2457018490253882,0,1,0,0,0.6229720300225284,0.8,0,0,1,0
0,0.14285714285714285,0,0.14285714285714285,0.35,1,0,0,0,0,0,0,0,0,0,1,0,0,0,1,0,0,0,1,0,0,0,0,0,1,0,0,0,0,0,0,0,1,0,0,1,0,0,0,0,0,0,0,0,0,0,0,0,-1.1936913584423146,0,1,0,0,0.789187900188612,0.8,0,1,0,0
1,0.14285714285714285,0,0.2857142857142857,0.4,1,0,0,0,1,0,0,0,0,0,0,0,0,0,1,0,0,0,0,0,0,0,1,0,1,0,0,0,0,0,0,0,1,0,0,0,0,0,0,0,1,0,0,1,0,0,0,1,1.2994682086160483,0,0,0,1,-1.4471710802277844,0.2,0,0,1,0
1,0.14285714285714285,0,0.2857142857142857,0.4,1,0,0,0,0,0,0,0,0,0,1,0,0,0,0,0,0,1,1,0,0,0,0,0,1,0,0,0,0,0,0,0,1,0,0,0,0,0,0,0,1,0,0,1,0,0,0,1,-0.1905780323347151,0,0,0,1,-0.8276392005178367,0.3,0,0,1,0
1,0.42857142857142855,0,0.42857142857142855,0.35,1,0,0,0,0,0,0,0,0,0,1,0,0,0,1,0,0,0,0,0,1,0,0,0,1,0,0,0,0,0,0,0,1,0,0,0,0,0,1,0,0,0,0,0,1,0,0,0,-0.006617547763840093,0,1,0,0,0.01855068396404296,0.6,0,0,1,0
0,0.42857142857142855,0,0.42857142857142855,0.35,0,0,0,0,0,0,0,0,0,0,1,0,0,0,1,0,0,0,0,0,1,0,0,0,1,0,0,0,0,0,0,0,1,0,0,0,1,0,0,0,0,0,0,0,0,0,0,0,0.008674462044474524,0,1,0,0,1.9678095250026586,1.0,0,0,1,0
1,0.42857142857142855,0,0.5714285714285714,0.4,0,0,0,0,1,0,0,0,0,0,0,0,0,0,1,0,0,0,0,0,1,0,0,0,1,0,0,0,0,0,0,0,1,0,0,0,0,0,1,0,0,0,0,0,1,0,0,0,-0.39233943297959717,0,0,0,1,-1.6889396186511785,0.1,0,0,1,0
1,0.14285714285714285,0,0.2857142857142857,0.05,0,0,0,0,0,0,0,0,0,0,1,0,0,0,1,0,0,0,0,0,1,0,0,0,1,0,0,0,0,0,0,0,0,1,0,0,1,0,0,0,0,0,0,0,1,0,0,0,-0.5307057802370342,0,1,0,0,0.7589668328856877,0.8,1,0,0,0
1,0.14285714285714285,0,0.2857142857142857,0.05,1,0,0,1,0,0,0,0,0,0,0,0,0,0,1,0,0,0,0,0,0,0,1,1,0,0,0,0,0,0,0,0,1,0,0,0,0,0,0,0,1,0,0,1,0,0,0,1,1.1850520645757456,0,0,0,1,1.2122828424295518,0.9,1,0,0,0
1,0.2857142857142857,0,0.14285714285714285,0.3,1,0,0,1,0,0,0,0,0,0,0,0,0,0,1,0,0,0,0,0,0,0,1,1,0,0,0,0,0,0,0,0,1,0,0,0,0,0,0,0,1,0,0,1,0,0,0,1,3.8857323610444734,0,1,0,0,0.683414164628377,0.8,0,1,0,0
1,0.2857142857142857,0,0.14285714285714285,0.3,1,0,0,0,0,0,0,0,0,0,1,0,0,0,1,0,0,0,0,0,1,0,0,0,1,0,0,0,0,0,0,0,1,0,0,0,1,0,0,0,0,0,0,0,0,0,0,1,-0.09328913959794033,0,0,0,1,-0.2836599890651998,0.5,1,0,0,0
1,0.2857142857142857,0,0.14285714285714285,0.3,1,0,0,0,0,0,0,0,0,0,1,0,0,0,1,0,0,0,0,0,1,0,0,0,1,0,0,0,0,0,0,0,1,0,0,0,1,0,0,0,0,0,0,0,0,0,0,1,-0.4619907871071132,0,0,0,1,-0.2836599890651998,0.5,1,0,0,0
0,0.42857142857142855,1,0.28251599147121537,0.20335820895522388,0,0,0,0,0,0,0,0,0,0,1,0,0,0,1,0,0,0,0,0,1,0,0,0,1,0,0,0,0,0,0,0,1,0,0,0,1,0,0,0,0,0,0,0,0,0,0,0,-2.0261910815644613,0,1,0,0,-0.752086532260526,0.4,0,0,1,0
0,0.5714285714285714,0,0.14285714285714285,0.2,0,0,0,0,0,0,0,0,0,0,1,0,0,0,1,0,0,0,0,0,1,0,0,0,1,0,0,0,0,0,0,0,1,0,0,0,1,0,0,0,0,0,0,0,0,0,0,0,-0.07908135129571092,0,1,0,0,1.2122828424295518,0.9,0,0,1,0
1,0.14285714285714285,0,0.2857142857142857,0.05,1,0,0,0,1,0,0,0,0,0,0,0,0,0,1,0,0,0,0,0,0,0,1,0,1,0,0,0,0,0,0,0,1,0,0,0,0,0,0,0,1,0,0,1,0,0,0,1,1.457175158579217,0,1,0,0,1.9678095250026586,1.0,0,0,1,0
1,0.14285714285714285,0,0.5714285714285714,0.15,0,0,0,0,0,0,0,0,0,0,1,0,0,0,1,0,0,0,0,0,1,0,0,0,1,0,0,0,0,0,0,0,1,0,0,0,0,0,1,0,0,0,0,0,1,0,0,0,-0.659619838085514,0,0,0,1,0.26031922238743715,0.7,1,0,0,0
1,0.14285714285714285,0,0.42857142857142855,0.1,1,0,0,0,0,0,0,0,0,0,1,0,0,0,1,0,0,0,0,0,1,0,0,0,1,0,0,0,0,0,0,0,1,0,0,0,1,0,0,0,0,0,0,0,1,0,0,0,0.001915006376151646,0,1,0,0,1.7562620538821887,1.0,0,0,1,0
0,0.2857142857142857,1,0.28251599147121537,0.20335820895522388,0,0,0,0,1,0,0,0,0,0,0,0,0,0,1,0,0,0,0,0,0,0,1,0,1,0,0,0,0,0,0,0,1,0,0,0,0,0,1,0,0,0,0,0,0,0,0,0,-0.0804958192289554,0,1,0,0,0.16965602047866432,0.7,0,0,1,0
0,0.2857142857142857,0,0.14285714285714285,0.3,1,0,0,0,1,0,0,0,0,0,0,0,0,0,1,0,0,0,0,0,0,0,1,0,1,0,0,0,0,0,0,0,1,0,0,0,0,0,1,0,0,0,0,0,0,0,0,0,1.2255142288216805,0,1,0,0,1.7411515202307266,1.0,0,0,1,0
1,0.2857142857142857,0,0.42857142857142855,0.05,1,0,0,0,1,0,0,0,0,0,0,0,0,0,1,0,0,0,0,0,1,0,0,0,1,0,0,0,0,0,0,0,1,0,0,0,1,0,0,0,0,0,0,1,0,0,0,1,0.6518838295503844,0,1,0,0,0.01855068396404296,0.6,0,0,0,1
0,0.42857142857142855,0,0.2857142857142857,0.3,1,0,0,0,1,0,0,0,0,0,0,0,0,0,1,0,0,0,0,0,1,0,0,0,1,0,0,0,0,0,0,0,1,0,0,0,0,0,0,0,1,0,0,0,0,0,0,0,2.0992161103872293,0,1,0,0,0.7740773665371498,0.8,1,0,0,0
1,0.5714285714285714,0,0.0,0.15,1,0,0,1,0,0,0,0,0,0,0,0,0,0,1,0,0,0,0,0,1,0,0,1,0,0,0,0,0,0,1,0,0,0,0,0,1,0,0,0,0,0,0,0,0,0,0,1,-0.28771859470886074,0,1,0,0,0.2754297560388993,0.7,0,0,1,0
1,0.5714285714285714,0,0.0,0.15,1,0,0,1,0,0,0,0,0,0,0,0,0,0,1,0,0,0,0,0,1,0,0,1,0,0,0,0,0,0,1,0,0,0,0,0,1,0,0,0,0,0,0,0,1,0,0,0,-0.28771859470886074,0,1,0,0,0.2754297560388993,0.7,0,0,1,0
0,0.0,0,0.2857142857142857,0.1,1,0,0,0,0,0,0,0,0,0,1,0,0,0,1,0,0,0,0,0,0,0,1,0,1,0,0,0,0,0,0,0,1,0,0,0,1,0,0,0,0,0,0,0,0,0,0,0,0.21056668588670865,0,1,0,0,1.2576144433839382,0.9,0,0,1,0
1,0.14285714285714285,0,0.2857142857142857,0.05,0,0,0,1,0,0,0,0,0,0,0,0,0,0,1,0,0,0,0,0,1,0,0,1,0,0,0,0,0,0,1,0,0,0,0,0,1,0,0,0,0,0,0,1,0,0,0,1,-0.8636472101287136,0,0,0,1,-0.7823075995634503,0.3,0,0,1,0
1,0.14285714285714285,0,0.0,0.3,0,0,0,0,0,0,0,0,0,0,1,0,0,0,0,1,0,0,0,0,1,0,0,0,1,0,0,0,0,0,0,0,1,0,0,0,0,0,1,0,0,0,0,0,1,0,0,0,-1.1158837638351324,0,1,0,0,1.1971723087780897,0.9,1,0,0,0
1,0.14285714285714285,0,0.0,0.3,0,0,0,0,0,0,0,0,0,0,1,0,0,0,0,1,0,0,0,0,1,0,0,0,1,0,0,0,0,0,0,0,1,0,0,0,0,0,1,0,0,0,0,0,1,0,0,0,-1.1158847821343418,0,1,0,0,1.1971723087780897,0.9,1,0,0,0
1,0.14285714285714285,0,0.0,0.3,0,0,0,0,0,0,0,0,0,0,1,0,0,0,0,1,0,0,0,0,1,0,0,0,1,0,0,0,0,0,0,0,1,0,0,0,0,0,1,0,0,0,0,0,1,0,0,0,-1.914820376165628,0,1,0,0,1.1971723087780897,0.9,1,0,0,0
1,0.14285714285714285,0,0.0,0.3,0,0,0,0,0,0,0,0,0,0,1,0,0,0,0,1,0,0,0,0,1,0,0,0,1,0,0,0,0,0,0,0,1,0,0,0,0,0,1,0,0,0,0,0,1,0,0,0,-1.914820376165628,0,1,0,0,1.1971723087780897,0.9,1,0,0,0
1,0.14285714285714285,0,0.0,0.3,0,0,0,0,0,0,0,0,0,0,1,0,0,0,0,1,0,0,0,0,1,0,0,0,1,0,0,0,0,0,0,0,1,0,0,0,0,0,1,0,0,0,0,0,1,0,0,0,-3.031316041667718,0,0,0,1,0.4869772271593692,0.8,1,0,0,0
1,0.14285714285714285,0,0.0,0.3,0,0,0,0,0,0,0,0,0,0,1,0,0,0,0,1,0,0,0,0,1,0,0,0,1,0,0,0,0,0,0,0,1,0,0,0,0,0,1,0,0,0,0,0,1,0,0,0,-3.031316041667718,0,0,0,1,0.4869772271593692,0.8,1,0,0,0
1,0.14285714285714285,0,0.0,0.3,0,0,0,0,0,0,0,0,0,0,1,0,0,0,0,1,0,0,0,0,1,0,0,0,1,0,0,0,0,0,0,0,1,0,0,0,0,0,1,0,0,0,0,0,1,0,0,0,-3.1963780241497988,0,0,0,1,0.4869772271593692,0.8,1,0,0,0
1,0.5714285714285714,0,0.2857142857142857,0.25,0,0,0,0,0,0,0,0,0,0,1,0,0,0,1,0,0,0,0,0,1,0,0,0,1,0,0,0,0,0,0,0,1,0,0,0,0,0,1,0,0,0,0,0,1,0,0,0,-0.26404634108076463,0,1,0,0,1.9678095250026586,1.0,1,0,0,0
1,0.0,0,0.2857142857142857,0.1,0,0,0,0,0,0,0,0,0,0,1,0,0,0,1,0,0,0,0,0,1,0,0,0,1,0,0,0,0,0,0,0,1,0,0,0,0,0,0,0,1,0,0,0,1,0,0,0,0.3742988057267038,0,1,0,0,1.8167041884880373,1.0,0,0,1,0
0,0.2857142857142857,0,0.0,0.25,1,0,0,0,1,0,0,0,0,0,0,0,0,0,1,0,0,0,0,0,0,0,1,0,1,0,0,0,0,0,0,0,1,0,0,0,0,0,0,0,1,0,0,0,0,0,0,0,0.9957018979944022,0,1,0,0,2.1793569961231287,1.0,0,0,1,0
1,0.42857142857142855,0,0.5714285714285714,0.05,0,0,0,0,0,0,0,0,0,0,1,0,0,0,1,0,0,0,0,0,1,0,0,0,1,0,0,0,0,0,0,0,0,1,0,0,1,0,0,0,0,0,0,0,1,0,0,0,-2.0261910815644613,0,1,0,0,-0.752086532260526,0.4,0,0,1,0
1,0.42857142857142855,0,0.14285714285714285,0.6,0,0,0,0,1,0,0,0,0,0,0,0,0,0,1,0,0,0,0,0,0,0,1,0,1,0,0,0,0,0,0,0,1,0,0,0,0,0,1,0,0,0,0,0,1,0,0,0,-0.10170184922025113,0,1,0,0,1.4087197798985596,1.0,0,0,1,0
1,0.42857142857142855,0,0.0,0.2,1,0,0,0,0,0,0,0,0,0,1,0,0,0,0,0,0,1,0,0,1,0,0,0,0,0,1,0,0,0,0,0,0,0,1,0,1,0,0,0,0,0,0,1,1,0,0,0,-1.5573840605274716,0,1,0,0,0.7589668328856877,0.8,1,0,0,0
1,0.5714285714285714,0,0.5714285714285714,0.0,1,0,0,1,0,0,0,0,0,0,0,0,0,0,1,0,0,0,0,0,0,0,1,1,0,0,0,0,0,0,0,0,1,0,0,0,0,0,0,0,1,0,0,1,0,0,0,1,0.13905205354052239,0,0,0,1,1.2122828424295518,0.9,1,0,0,0
1,0.0,0,0.14285714285714285,0.05,1,0,0,1,0,0,0,0,0,0,0,0,0,0,1,0,0,0,0,0,0,0,1,1,0,0,0,0,0,0,1,0,0,0,0,0,0,0,0,0,1,0,0,1,0,0,0,1,0.5883558213162905,0,0,0,1,0.12432441952427792,0.7,1,0,0,0
0,0.14285714285714285,0,0.2857142857142857,0.05,1,0,0,0,1,0,0,0,0,0,0,0,0,0,1,0,0,0,0,0,0,0,1,0,1,0,0,0,0,0,0,0,1,0,0,0,0,0,0,0,1,0,0,0,0,0,0,0,1.149344807591473,0,1,0,0,0.1998770877815886,0.7,0,0,1,0
0,0.2857142857142857,1,0.28251599147121537,0.20335820895522388,0,0,0,0,0,0,0,0,0,0,1,0,0,0,1,0,0,0,0,0,0,0,1,0,0,0,0,0,1,0,0,0,1,0,0,0,1,0,0,0,0,0,0,0,0,0,0,0,0.3608215082458263,0,1,0,0,-0.2081073208078891,0.6,1,0,0,0
1,0.42857142857142855,0,0.2857142857142857,0.3,1,0,0,0,0,0,0,0,0,0,1,0,0,0,1,0,0,0,0,0,1,0,0,0,1,0,0,0,0,0,0,0,1,0,0,0,1,0,0,0,0,1,0,0,0,0,0,1,1.6136775249655133,0,1,0,0,0.7740773665371498,0.8,1,0,0,0
1,0.42857142857142855,0,0.2857142857142857,0.3,1,0,0,0,0,0,0,0,0,0,1,0,0,0,1,0,0,0,0,0,1,0,0,0,1,0,0,0,0,0,0,0,1,0,0,0,1,0,0,0,0,1,0,0,0,0,0,1,1.7126023145784564,0,0,0,1,0.7740773665371498,0.8,1,0,0,0
0,0.42857142857142855,0,0.0,0.2,0,0,0,0,0,0,0,0,0,0,1,0,0,0,1,0,0,0,0,0,1,0,0,0,0,0,1,0,0,0,0,0,1,0,0,0,1,0,0,0,0,0,0,0,0,0,0,0,-0.39537570584997694,0,1,0,0,1.4238303135500217,1.0,0,0,1,0
0,0.42857142857142855,0,0.0,0.2,1,0,0,0,0,0,1,0,0,0,0,0,0,0,1,0,0,0,0,0,0,0,1,0,0,0,1,0,0,0,0,0,1,0,0,0,0,0,0,0,1,0,0,0,0,0,0,0,0.8759414593197798,0,1,0,0,0.683414164628377,0.8,0,0,0,1
0,0.5714285714285714,1,0.28251599147121537,0.20335820895522388,1,1,0,0,0,0,0,0,0,0,0,0,0,0,1,0,0,0,0,0,1,0,0,0,0,0,0,0,1,0,1,0,0,0,0,0,0,0,0,0,1,0,0,0,0,0,0,0,-0.8471853037087864,0,0,1,0,0.9705143040061576,0.9,0,1,0,0
0,0.5714285714285714,1,0.28251599147121537,0.20335820895522388,1,0,0,1,0,0,0,0,0,0,0,0,0,0,1,0,0,0,0,0,0,0,1,1,0,0,0,0,0,0,0,0,1,0,0,0,0,0,0,0,1,0,0,0,0,0,0,0,1.8658511503205542,0,1,0,0,0.6531930973254527,0.8,0,0,1,0
1,0.14285714285714285,0,0.5714285714285714,0.15,1,0,0,0,0,0,0,0,0,0,1,0,0,0,1,0,0,0,0,0,1,0,0,0,1,0,0,0,0,0,0,0,1,0,0,0,0,0,1,0,0,0,0,0,1,0,0,0,-0.659619838085514,0,0,0,1,0.26031922238743715,0.7,1,0,0,0
0,0.14285714285714285,0,0.42857142857142855,0.1,0,0,0,0,0,1,0,0,0,0,0,0,0,0,0,0,0,1,0,0,1,0,0,0,0,0,0,0,1,0,0,0,1,0,0,0,0,0,1,0,0,0,0,0,0,0,0,0,-0.307070309263276,0,1,0,0,-1.4622816138792465,0.2,0,0,1,0
1,0.14285714285714285,0,0.2857142857142857,0.05,1,0,0,0,0,0,0,0,0,0,1,0,0,0,1,0,0,0,1,0,0,0,0,0,1,0,0,0,0,0,0,0,1,0,0,0,0,0,1,0,0,0,0,1,1,0,0,0,-0.6886805341251379,0,1,0,0,2.0886937942143557,1.0,0,1,0,0
0,0.42857142857142855,1,0.28251599147121537,0.20335820895522388,0,0,0,0,0,0,0,0,0,0,1,0,0,0,1,0,0,0,0,0,1,0,0,0,0,0,1,0,0,0,0,0,1,0,0,0,0,0,1,0,0,0,0,0,0,0,0,0,-0.8071747360717481,0,1,0,0,1.9829200586541207,1.0,0,0,1,0
1,0.5714285714285714,0,0.0,0.15,1,0,0,1,0,0,0,0,0,0,0,0,0,0,1,0,0,0,0,0,1,0,0,1,0,0,0,0,0,0,0,0,0,0,1,0,1,0,0,0,0,0,0,1,0,0,0,1,1.351917874246105,0,1,0,0,0.683414164628377,0.8,1,0,0,0
1,0.5714285714285714,0,0.2857142857142857,0.25,1,0,0,0,0,0,0,0,0,0,1,0,0,0,1,0,0,0,1,0,0,0,0,0,1,0,0,0,0,0,0,0,1,0,0,0,0,0,0,0,1,0,0,1,0,0,0,1,-0.0937941221971067,0,1,0,0,1.3784987125956354,0.9,0,0,1,0
1,0.0,0,0.42857142857142855,0.15,1,0,0,0,1,0,0,0,0,0,0,0,0,0,1,0,0,0,0,0,1,0,0,0,1,0,0,0,0,0,0,0,1,0,0,0,0,0,0,0,1,0,0,1,0,0,0,1,-0.09155064381195138,0,1,0,0,1.2273933760810138,0.9,0,0,0,1
1,0.2857142857142857,0,0.42857142857142855,0.05,0,0,0,0,0,0,0,0,0,0,1,0,0,0,0,1,0,0,0,0,1,0,0,0,1,0,0,0,0,0,0,0,1,0,0,0,1,0,0,0,0,0,0,0,1,0,0,0,0.004236770373919294,0,1,0,0,1.6353777846704916,1.0,0,0,1,0
1,0.5714285714285714,0,0.2857142857142857,0.25,1,0,0,0,0,0,0,0,0,0,1,0,0,0,1,0,0,0,0,0,1,0,0,0,1,0,0,0,0,0,0,0,1,0,0,0,1,0,0,0,0,0,0,0,1,0,0,0,-0.7717262925244271,0,1,0,0,2.209578063426053,1.0,1,0,0,0
0,0.5714285714285714,0,0.2857142857142857,0.25,1,0,0,0,0,0,0,0,0,0,1,0,0,0,0,0,0,1,0,0,0,0,1,0,1,0,0,0,0,0,0,0,1,0,0,0,1,0,0,0,0,0,0,0,0,0,0,0,0.4997750122491641,0,1,0,0,-1.9307081570745728,0.1,0,0,1,0
0,0.5714285714285714,1,0.28251599147121537,0.20335820895522388,1,0,0,0,0,0,0,1,0,0,0,0,0,0,1,0,0,0,0,0,1,0,0,0,1,0,0,0,0,0,0,0,1,0,0,0,1,0,0,0,0,0,0,0,0,0,0,0,-0.34593525901938443,0,1,0,0,1.1820617751266276,0.9,0,0,1,0
1,0.5714285714285714,0,0.2857142857142857,0.25,1,0,0,0,0,0,0,0,0,0,1,0,0,0,1,0,0,0,0,0,1,0,0,0,1,0,0,0,0,0,0,0,1,0,0,0,1,0,0,0,0,0,0,0,0,0,0,1,0.42622398411897333,0,0,0,1,-0.5556495947915182,0.4,0,0,0,1
0,0.14285714285714285,0,0.0,0.3,1,0,0,0,1,0,0,0,0,0,0,0,0,0,1,0,0,0,0,0,1,0,0,1,0,0,0,0,0,0,0,0,1,0,0,0,0,0,1,0,0,0,1,0,0,0,1,0,-0.26207699196154993,0,1,0,0,1.2122828424295518,0.9,1,0,0,0
0,0.14285714285714285,1,0.28251599147121537,0.20335820895522388,1,0,0,0,1,0,0,0,0,0,0,0,0,0,1,0,0,0,0,0,1,0,0,0,1,0,0,0,0,0,0,0,1,0,0,0,0,0,1,0,0,0,0,0,0,0,0,0,-0.609220778987757,0,1,0,0,2.209578063426053,1.0,0,0,1,0
1,0.14285714285714285,0,0.0,0.3,1,0,0,0,1,0,0,0,0,0,0,0,0,0,0,0,0,1,0,0,1,0,0,0,0,0,1,0,0,0,0,0,1,0,0,0,0,0,1,0,0,0,0,1,1,0,0,0,0.5694007058983188,0,1,0,0,1.348277645292711,0.9,0,0,1,0
0,0.2857142857142857,0,0.14285714285714285,0.3,1,0,0,0,0,0,0,0,0,0,1,0,0,0,1,0,0,0,0,0,1,0,0,0,1,0,0,0,0,0,0,0,1,0,0,0,0,0,1,0,0,0,0,0,0,0,0,0,0.6114359911878375,0,1,0,0,1.9678095250026586,1.0,0,0,0,1
1,0.0,0,0.2857142857142857,0.1,1,0,0,0,0,0,0,0,0,0,1,0,0,0,0,0,0,1,0,0,0,0,1,0,1,0,0,0,0,0,0,0,1,0,0,0,1,0,0,0,0,0,0,1,0,0,0,1,0.33451410580711133,0,1,0,0,0.4567561598564449,0.8,0,0,1,0
0,0.14285714285714285,1,0.28251599147121537,0.20335820895522388,0,0,0,0,0,0,0,0,0,0,1,0,0,0,1,0,0,0,0,1,0,0,0,0,0,0,1,0,0,0,0,0,1,0,0,0,0,0,1,0,0,0,0,0,0,0,0,0,1.0628638541918267,0,1,0,0,-0.6160917293973668,0.4,0,0,1,0
0,0.14285714285714285,1,0.28251599147121537,0.20335820895522388,0,0,0,0,0,0,0,0,0,0,1,0,0,0,1,0,0,0,0,1,0,0,0,0,0,0,1,0,0,0,0,0,1,0,0,0,0,0,1,0,0,0,0,0,0,0,0,0,0.7651746928507142,0,1,0,0,-0.6160917293973668,0.4,0,0,1,0
0,0.14285714285714285,0,0.2857142857142857,0.05,1,0,0,0,0,0,0,0,0,0,1,0,0,0,0,0,0,1,0,0,0,0,1,0,1,0,0,0,0,0,0,0,1,0,0,0,1,0,0,0,0,0,0,0,0,0,0,0,0.43628171466228244,0,1,0,0,0.3207613569932857,0.7,0,0,1,0
0,0.14285714285714285,0,0.2857142857142857,0.05,1,0,0,0,0,0,0,0,0,0,1,0,0,0,0,0,0,1,0,0,0,0,1,0,1,0,0,0,0,0,0,0,1,0,0,0,1,0,0,0,0,0,0,0,0,0,0,0,0.07254471316843755,0,1,0,0,0.3207613569932857,0.7,0,0,1,0
1,0.2857142857142857,0,0.42857142857142855,0.05,1,0,0,0,1,0,0,0,0,0,0,0,0,0,1,0,0,0,0,0,0,0,1,0,1,0,0,0,0,0,0,0,1,0,0,0,0,0,0,0,1,0,0,1,0,0,0,1,1.4142222838330232,0,1,0,0,1.2425039097324762,0.9,1,0,0,0
0,0.42857142857142855,0,0.14285714285714285,0.25,0,0,0,0,0,0,0,0,0,0,1,0,0,0,0,1,0,0,0,0,0,0,1,0,0,0,1,0,0,0,0,0,1,0,0,0,0,0,1,0,0,0,1,0,0,0,1,0,-1.5379830869799676,0,1,0,0,1.559825116413181,1.0,0,0,1,0
0,0.2857142857142857,1,0.28251599147121537,0.20335820895522388,0,0,0,0,0,0,0,0,0,0,1,0,0,0,1,0,0,0,0,1,0,0,0,0,0,0,1,0,0,0,0,0,1,0,0,0,0,0,1,0,0,0,1,0,0,0,1,0,1.0628638541918267,0,1,0,0,-0.6160917293973668,0.4,0,0,1,0
0,0.2857142857142857,1,0.28251599147121537,0.20335820895522388,0,0,0,0,0,0,0,0,0,0,1,0,0,0,1,0,0,0,0,1,0,0,0,0,0,0,1,0,0,0,0,0,1,0,0,0,0,0,1,0,0,0,1,0,0,0,1,0,0.7651746928507142,0,1,0,0,-0.6160917293973668,0.4,0,0,1,0
0,0.2857142857142857,1,0.28251599147121537,0.20335820895522388,0,0,0,0,0,0,0,0,0,0,1,0,0,0,1,0,0,0,0,1,0,0,0,0,0,0,1,0,0,0,0,0,1,0,0,0,0,0,1,0,0,0,1,0,0,0,1,0,0.5965229320375516,0,1,0,0,-0.6160917293973668,0.4,1,0,0,0
0,0.2857142857142857,1,0.28251599147121537,0.20335820895522388,0,0,0,0,0,0,0,0,0,0,1,0,0,0,1,0,0,0,0,1,0,0,0,0,0,0,1,0,0,0,0,0,1,0,0,0,0,0,1,0,0,0,1,0,0,0,1,0,-2.1683286653514835,1,0,0,0,1.023836795043372e-16,0.5,1,0,0,0
0,0.2857142857142857,1,0.28251599147121537,0.20335820895522388,1,0,0,0,1,0,0,0,0,0,0,0,0,0,1,0,0,0,1,0,0,0,0,0,1,0,0,0,0,0,0,0,1,0,0,0,0,0,1,0,0,0,1,0,0,0,1,0,-0.5375587201598697,0,1,0,0,1.6353777846704916,1.0,0,0,0,1
