2016 Postal Area (POA) Code,Index of Relative Socio-economic Disadvantage,,Index of Relative Socio-economic Advantage and Disadvantage,
,Score,Decile,Score,Decile
800,1066,9,1096,10
810,1037,8,1052,9
812,1013,6,1020,7
815,1075,9,1096,10
820,1073,9,1094,10
822,650,1,754,1
828,970,4,979,5
829,972,4,983,5
830,989,5,997,6
832,1071,9,1075,9
834,1053,8,1052,9
835,1072,9,1070,9
836,1049,8,1055,9
837,1001,6,989,6
838,1044,8,1035,8
839,993,5,965,4
840,871,1,872,1
841,973,4,968,5
845,851,1,875,1
846,833,1,844,1
847,791,1,830,1
850,969,4,975,5
852,628,1,733,1
853,1143,10,1081,9
854,718,1,784,1
860,857,1,891,1
862,742,1,789,1
870,1019,7,1024,8
872,565,1,690,1
873,870,1,913,2
874,1117,10,1110,10
875,972,4,977,5
880,895,1,934,3
885,1092,10,1076,9
886,1024,7,1010,7
2000,977,4,1065,9
2007,945,3,1033,8
2008,1001,6,1085,9
2009,1049,8,1113,10
2010,1047,8,1116,10
2011,1049,8,1104,10
2015,1097,10,1148,10
2016,993,5,1063,9
2017,992,5,1069,9
2018,990,5,1022,7
2019,1047,8,1068,9
2020,1037,8,1073,9
2021,1108,10,1161,10
2022,1075,9,1126,10
2023,1121,10,1171,10
2024,1097,10,1146,10
2025,1112,10,1163,10
2026,1089,10,1140,10
2027,1115,10,1162,10
2028,1108,10,1160,10
2029,1104,10,1147,10
2030,1119,10,1167,10
2031,1090,10,1137,10
2032,981,4,1044,8
2033,1055,9,1106,10
2034,1074,9,1124,10
2035,1039,8,1076,9
2036,1014,6,1035,8
2037,1023,7,1084,9
2038,1096,10,1145,10
2039,1117,10,1171,10
2040,1069,9,1121,10
2041,1099,10,1154,10
2042,1071,9,1123,10
2043,1099,10,1157,10
2044,1038,8,1077,9
2045,1070,9,1103,10
2046,1064,9,1100,10
2047,1096,10,1137,10
2048,1081,10,1128,10
2049,1059,9,1102,10
2050,1078,9,1140,10
2052,1007,6,1081,9
2060,1108,10,1159,10
2061,1091,10,1152,10
2062,1110,10,1159,10
2063,1133,10,1181,10
2064,1071,9,1123,10
2065,1112,10,1163,10
2066,1107,10,1150,10
2067,1047,8,1105,10
2068,1106,10,1154,10
2069,1126,10,1170,10
2070,1117,10,1163,10
2071,1110,10,1156,10
2072,1098,10,1146,10
2073,1128,10,1178,10
2074,1122,10,1164,10
2075,1126,10,1170,10
2076,1111,10,1152,10
2077,1056,9,1080,9
2079,1097,10,1111,10
2080,1089,10,1097,10
2081,1115,10,1123,10
2082,1105,10,1107,10
2083,1052,8,1057,9
2084,1107,10,1129,10
2085,1107,10,1134,10
2086,1114,10,1145,10
2087,1098,10,1130,10
2088,1115,10,1165,10
2089,1107,10,1155,10
2090,1112,10,1160,10
2092,1127,10,1179,10
2093,1105,10,1145,10
2094,1117,10,1160,10
2095,1097,10,1147,10
2096,1111,10,1145,10
2097,1101,10,1120,10
2099,1050,8,1069,9
2100,1084,10,1109,10
2101,1076,9,1093,10
2102,1100,10,1123,10
2103,1090,10,1101,10
2104,1096,10,1119,10
2105,1106,10,1131,10
2106,1098,10,1120,10
2107,1111,10,1136,10
2108,1103,10,1132,10
2109,1022,7,1091,10
2110,1105,10,1151,10
2111,1079,10,1114,10
2112,1059,9,1086,9
2113,1070,9,1099,10
2114,1059,9,1083,9
2115,1007,6,1030,8
2116,1000,6,1022,7
2117,1016,7,1041,8
2118,1059,9,1086,9
2119,1127,10,1164,10
2120,1105,10,1131,10
2121,1084,10,1120,10
2122,1040,8,1077,9
2125,1125,10,1159,10
2126,1113,10,1145,10
2127,1094,10,1129,10
2128,1001,6,1023,8
2130,1062,9,1095,10
2131,1005,6,1038,8
2132,1030,7,1065,9
2133,1025,7,1043,8
2134,972,4,1034,8
2135,1032,7,1078,9
2136,1031,7,1056,9
2137,1073,9,1102,10
2138,1062,9,1112,10
2140,1013,6,1047,8
2141,949,3,989,6
2142,909,2,941,3
2143,927,2,958,4
2144,859,1,909,2
2145,1016,7,1027,8
2146,1026,7,1026,8
2147,1004,6,1004,7
2148,975,4,973,5
2150,1001,6,1034,8
2151,1039,8,1061,9
2152,1048,8,1061,9
2153,1096,10,1115,10
2154,1097,10,1127,10
2155,1112,10,1144,10
2156,1118,10,1135,10
2157,1078,9,1080,9
2158,1093,10,1115,10
2159,1095,10,1106,10
2160,908,1,937,3
2161,872,1,907,2
2162,882,1,913,2
2163,764,1,817,1
2164,901,1,922,2
2165,816,1,866,1
2166,788,1,846,1
2167,1014,6,1017,7
2168,857,1,885,1
2170,931,2,953,4
2171,1031,7,1050,8
2172,1124,10,1146,10
2173,1083,10,1082,9
2174,1070,9,1103,10
2175,1011,6,1012,7
2176,941,3,964,4
2177,876,1,913,2
2178,1020,7,1021,7
2179,990,5,999,6
2190,911,2,939,3
2191,989,5,1011,7
2192,915,2,940,3
2193,1021,7,1045,8
2194,917,2,952,4
2195,860,1,890,1
2196,913,2,939,3
2197,912,2,936,3
2198,1001,6,1006,7
2199,902,1,928,3
2200,892,1,926,2
2203,1040,8,1072,9
2204,1007,6,1050,8
2205,1002,6,1042,8
2206,1025,7,1047,8
2207,1004,6,1023,7
2208,1004,6,1025,8
2209,979,4,1004,7
2210,978,4,1001,6
2211,1007,6,1018,7
2212,990,5,1006,7
2213,1029,7,1037,8
2214,1061,9,1047,8
2216,991,5,1012,7
2217,1018,7,1036,8
2218,996,5,1015,7
2219,1030,7,1041,8
2220,979,4,1018,7
2221,1057,9,1082,9
2222,1015,6,1029,8
2223,1069,9,1082,9
2224,1065,9,1075,9
2225,1118,10,1141,10
2226,1083,10,1102,10
2227,1086,10,1096,10
2228,1046,8,1051,9
2229,1076,9,1088,9
2230,1083,10,1096,10
2231,1044,8,1034,8
2232,1072,9,1076,9
2233,1089,10,1082,9
2234,1099,10,1108,10
2250,1007,6,998,6
2251,1037,8,1028,8
2256,957,3,950,4
2257,980,4,966,5
2258,1043,8,1031,8
2259,975,4,957,4
2260,1075,9,1077,9
2261,979,4,959,4
2262,931,2,906,2
2263,909,2,893,1
2264,977,4,960,4
2265,1006,6,1001,6
2267,996,5,982,5
2278,1000,6,954,4
2280,1008,6,992,6
2281,983,5,963,4
2282,1050,8,1038,8
2283,974,4,958,4
2284,951,3,934,3
2285,1006,6,983,5
2286,972,4,934,3
2287,991,5,980,5
2289,1052,8,1041,8
2290,1013,6,998,6
2291,1076,9,1089,9
2292,983,5,980,5
2293,1032,7,1037,8
2294,995,5,995,6
2295,976,4,969,5
2296,988,5,995,6
2297,980,4,986,6
2298,966,4,964,4
2299,943,3,954,4
2300,1046,8,1069,9
2302,990,5,1010,7
2303,981,4,1000,6
2304,955,3,952,4
2305,1042,8,1042,8
2306,660,1,698,1
2307,938,2,921,2
2311,955,3,946,3
2312,939,2,909,2
2315,998,6,980,5
2316,997,5,971,5
2317,993,5,965,4
2318,1033,7,1010,7
2319,942,3,914,2
2320,987,5,971,5
2321,1017,7,995,6
2322,965,4,941,3
2323,975,4,961,4
2324,933,2,915,2
2325,910,2,894,1
2326,893,1,872,1
2327,893,1,866,1
2328,958,3,936,3
2329,930,2,917,2
2330,986,5,965,4
2331,1058,9,1033,8
2333,924,2,912,2
2334,955,3,922,2
2335,1017,7,994,6
2336,975,4,943,3
2337,997,5,980,5
2338,930,2,921,2
2339,972,4,962,4
2340,965,4,951,4
2341,821,1,813,1
2342,1000,6,990,6
2343,930,2,923,2
2344,1041,8,1013,7
2345,986,5,962,4
2346,893,1,886,1
2347,902,1,899,1
2350,993,5,990,6
2352,981,5,948,4
2353,975,4,942,3
2354,983,5,973,5
2355,936,2,927,3
2356,795,1,829,1
2357,916,2,910,2
2358,966,4,947,4
2359,891,1,894,1
2360,919,2,905,2
2361,859,1,869,1
2365,960,3,946,3
2369,829,1,833,1
2370,917,2,910,2
2371,895,1,894,1
2372,925,2,910,2
2379,1008,6,1017,7
2380,958,3,943,3
2381,934,2,929,3
2382,920,2,909,2
2386,995,5,992,6
2387,979,4,993,6
2388,927,2,920,2
2390,970,4,950,4
2395,838,1,854,1
2396,860,1,873,1
2397,983,5,982,5
2398,1010,6,1002,6
2399,979,4,959,4
2400,929,2,925,2
2401,999,6,997,6
2402,916,2,908,2
2403,924,2,922,2
2404,914,2,910,2
2405,1008,6,1007,7
2406,932,2,938,3
2408,1029,7,1022,7
2409,700,1,767,1
2410,934,2,937,3
2411,1035,8,1027,8
2415,969,4,963,4
2420,957,3,942,3
2421,1050,8,1036,8
2422,936,2,923,2
2423,915,2,897,1
2424,856,1,866,1
2425,963,3,945,3
2426,908,1,888,1
2427,930,2,911,2
2428,928,2,908,2
2429,923,2,906,2
2430,920,2,906,2
2431,943,3,918,2
2439,985,5,953,4
2440,873,1,865,1
2441,941,3,928,3
2443,919,2,899,1
2444,983,5,969,5
2445,1017,7,992,6
2446,961,3,938,3
2447,939,2,919,2
2448,893,1,888,1
2449,862,1,858,1
2450,974,4,961,4
2452,943,3,925,2
2453,944,3,932,3
2454,981,4,973,5
2455,935,2,919,2
2456,970,4,957,4
2460,913,2,897,1
2462,911,2,891,1
2463,954,3,927,3
2464,971,4,951,4
2465,940,3,920,2
2466,882,1,863,1
2469,885,1,883,1
2470,893,1,876,1
2471,922,2,905,2
2472,933,2,907,2
2473,930,2,916,2
2474,913,2,905,2
2475,836,1,848,1
2476,907,1,905,2
2477,1008,6,989,6
2478,998,6,984,6
2479,1051,8,1053,9
2480,956,3,945,3
2481,1024,7,1030,8
2482,969,4,966,5
2483,975,4,966,5
2484,954,3,941,3
2485,932,2,916,2
2486,975,4,951,4
2487,1012,6,1008,7
2488,987,5,968,5
2489,1013,6,992,6
2490,1010,6,994,6
2500,989,5,1008,7
2502,840,1,853,1
2505,893,1,897,1
2506,886,1,881,1
2508,1085,10,1081,9
2515,1089,10,1103,10
2516,1052,8,1064,9
2517,1021,7,1021,7
2518,957,3,956,4
2519,1000,6,1005,7
2522,996,5,1049,8
2525,1042,8,1040,8
2526,1014,6,1005,7
2527,996,5,967,5
2528,902,1,889,1
2529,1022,7,1008,7
2530,986,5,963,4
2533,1063,9,1053,9
2534,1066,9,1063,9
2535,1037,8,1022,7
2536,952,3,927,3
2537,985,5,959,4
2538,1035,8,1005,7
2539,967,4,937,3
2540,975,4,952,4
2541,908,1,899,1
2545,957,3,932,3
2546,956,3,933,3
2548,1002,6,971,5
2549,995,5,968,5
2550,975,4,952,4
2551,911,2,889,1
2555,918,2,938,3
2556,1013,6,1001,6
2557,1051,8,1062,9
2558,991,5,972,5
2559,590,1,671,1
2560,951,3,946,3
2563,993,5,975,5
2564,882,1,888,1
2565,993,5,993,6
2566,971,4,963,4
2567,1054,9,1051,9
2568,1085,10,1073,9
2569,1063,9,1055,9
2570,1061,9,1060,9
2571,1063,9,1057,9
2572,1026,7,1007,7
2573,968,4,947,4
2574,1015,6,994,6
2575,1022,7,1001,6
2576,1063,9,1065,9
2577,1022,7,1007,7
2578,1035,8,1018,7
2579,1006,6,988,6
2580,963,4,949,4
2581,1035,8,1032,8
2582,1052,8,1051,9
2583,983,5,967,5
2584,989,5,974,5
2585,979,4,978,5
2586,968,4,955,4
2587,942,3,928,3
2588,989,5,994,6
2590,936,2,921,2
2594,946,3,926,2
2600,1118,10,1157,10
2601,1106,10,1160,10
2602,1063,9,1091,10
2603,1099,10,1139,10
2604,1081,10,1117,10
2605,1098,10,1127,10
2606,1059,9,1077,9
2607,1086,10,1107,10
2609,912,2,902,2
2611,1089,10,1107,10
2612,1084,10,1120,10
2614,1069,9,1085,9
2615,1052,8,1051,9
2617,1072,9,1083,9
2618,1119,10,1121,10
2619,1124,10,1146,10
2620,1035,8,1034,8
2621,1107,10,1121,10
2622,1012,6,1002,6
2623,993,5,980,5
2625,1091,10,1064,9
2626,1045,8,1030,8
2627,1068,9,1034,8
2628,1009,6,980,5
2629,993,5,973,5
2630,982,5,962,4
2631,974,4,959,4
2632,958,3,938,3
2633,896,1,902,2
2640,1001,6,987,6
2641,901,1,882,1
2642,1024,7,1001,6
2643,976,4,940,3
2644,964,4,953,4
2645,918,2,910,2
2646,958,3,935,3
2647,979,4,947,4
2648,918,2,909,2
2649,1005,6,985,6
2650,993,5,977,5
2651,1000,6,958,4
2652,1002,6,979,5
2653,944,3,928,3
2655,998,6,971,5
2656,965,4,955,4
2658,938,2,933,3
2659,973,4,950,4
2660,949,3,936,3
2661,1159,10,1100,10
2663,917,2,901,2
2665,975,4,964,4
2666,962,3,941,3
2668,893,1,899,2
2669,987,5,984,6
2671,978,4,952,4
2672,927,2,917,2
2675,962,3,951,4
2680,957,3,942,3
2681,992,5,958,4
2700,917,2,907,2
2701,991,5,974,5
2702,948,3,930,3
2703,938,2,917,2
2705,954,3,936,3
2706,901,1,888,1
2707,989,5,979,5
2710,952,3,937,3
2711,947,3,933,3
2712,940,2,926,2
2713,949,3,934,3
2714,957,3,936,3
2715,926,2,915,2
2716,972,4,951,4
2717,883,1,884,1
2720,954,3,934,3
2721,1000,6,1004,7
2722,948,3,925,2
2725,921,2,917,2
2726,1020,7,999,6
2727,1028,7,1008,7
2729,973,4,957,4
2730,906,1,897,1
2731,1012,6,984,5
2732,964,4,949,4
2733,936,2,928,3
2734,1071,9,1049,8
2735,963,4,945,3
2736,989,5,982,5
2737,973,4,951,4
2738,1044,8,1019,7
2739,983,5,962,4
2745,1066,9,1065,9
2747,991,5,979,5
2748,1050,8,1049,8
2749,1013,6,999,6
2750,995,5,982,5
2752,1038,8,1019,7
2753,1012,6,998,6
2754,1015,7,1001,6
2755,1004,6,991,6
2756,1023,7,1006,7
2757,1058,9,1047,8
2758,1081,10,1078,9
2759,1029,7,1006,7
2760,932,2,924,2
2761,1008,6,1001,6
2762,1055,9,1059,9
2763,1051,8,1051,9
2765,1011,6,1004,7
2766,991,5,984,5
2767,973,4,985,6
2768,1089,10,1117,10
2769,1119,10,1168,10
2770,838,1,851,1
2773,1104,10,1112,10
2774,1077,9,1074,9
2775,986,5,973,5
2776,1070,9,1062,9
2777,1067,9,1062,9
2778,1059,9,1051,9
2779,1036,8,1023,8
2780,982,5,988,6
2782,1036,8,1032,8
2783,1014,6,1001,6
2784,1047,8,1035,8
2785,1005,6,1003,7
2786,983,5,971,5
2787,958,3,940,3
2790,922,2,908,2
2791,984,5,960,4
2792,991,5,982,5
2793,908,1,900,2
2794,921,2,905,2
2795,987,5,974,5
2797,953,3,933,3
2798,1069,9,1058,9
2799,948,3,929,3
2800,988,5,979,5
2803,984,5,980,5
2804,949,3,942,3
2805,926,2,917,2
2806,952,3,933,3
2807,866,1,855,1
2808,941,3,922,2
2809,986,5,997,6
2810,951,3,941,3
2817,1004,6,1006,7
2818,1013,6,987,6
2820,887,1,894,1
2821,932,2,925,2
2822,976,4,962,4
2823,931,2,933,3
2824,918,2,919,2
2825,945,3,932,3
2826,1074,9,1062,9
2827,891,1,890,1
2828,876,1,898,1
2829,873,1,884,1
2830,980,4,962,4
2831,997,5,984,6
2832,843,1,870,1
2833,799,1,843,1
2834,795,1,817,1
2835,972,4,953,4
2836,769,1,827,1
2838,723,1,792,1
2839,757,1,819,1
2840,918,2,933,3
2842,878,1,886,1
2843,960,3,946,3
2844,929,2,929,3
2845,922,2,900,2
2846,942,3,939,3
2847,910,2,888,1
2848,796,1,798,1
2849,959,3,946,3
2850,979,4,959,4
2852,943,3,922,2
2864,1027,7,1011,7
2865,959,3,939,3
2866,1001,6,982,5
2867,958,3,957,4
2868,909,2,911,2
2869,882,1,889,1
2870,947,3,930,3
2871,952,3,936,3
2873,987,5,981,5
2874,979,4,982,5
2875,944,3,948,4
2876,985,5,983,5
2877,900,1,901,2
2878,941,3,941,3
2879,835,1,862,1
2880,905,1,892,1
2898,1060,9,1028,8
2899,1010,6,975,5
2900,1061,9,1065,9
2902,1052,8,1058,9
2903,1055,9,1059,9
2904,1094,10,1103,10
2905,1051,8,1047,8
2906,1060,9,1058,9
2911,1139,10,1171,10
2912,1072,9,1095,10
2913,1086,10,1096,10
2914,1104,10,1127,10
3000,967,4,1043,8
3002,1119,10,1160,10
3003,1054,9,1101,10
3004,1091,10,1128,10
3005,1062,9,1121,10
3006,1067,9,1117,10
3008,1059,9,1119,10
3011,985,5,1016,7
3012,992,5,1011,7
3013,1069,9,1089,9
3015,1073,9,1089,9
3016,1067,9,1091,10
3018,1034,8,1031,8
3019,828,1,874,1
3020,879,1,901,2
3021,849,1,870,1
3022,896,1,911,2
3023,984,5,984,6
3024,987,5,972,5
3025,944,3,955,4
3026,610,1,635,1
3027,1075,9,1090,10
3028,975,4,964,4
3029,1003,6,992,6
3030,1016,7,1015,7
3031,972,4,1019,7
3032,1028,7,1052,9
3033,1030,7,1022,7
3034,999,6,997,6
3036,1073,9,1064,9
3037,1013,6,1000,6
3038,1025,7,1010,7
3039,1069,9,1089,9
3040,1079,10,1087,9
3041,1088,10,1086,9
3042,1031,7,1021,7
3043,989,5,972,5
3044,1039,8,1039,8
3045,1061,9,1061,9
3046,967,4,969,5
3047,783,1,821,1
3048,815,1,840,1
3049,1005,6,988,6
3050,1063,9,1107,10
3051,966,4,1028,8
3052,1058,9,1098,10
3053,930,2,1009,7
3054,1084,10,1120,10
3055,1033,7,1052,9
3056,1052,8,1081,9
3057,1066,9,1091,10
3058,1020,7,1037,8
3059,1058,9,1049,8
3060,915,2,925,2
3061,820,1,844,1
3063,1069,9,1059,9
3064,957,3,957,4
3065,957,3,1022,7
3066,936,2,999,6
3067,1077,9,1114,10
3068,1075,9,1113,10
3070,1064,9,1094,10
3071,1038,8,1057,9
3072,996,5,1011,7
3073,953,3,960,4
3074,879,1,888,1
3075,897,1,906,2
3076,977,4,966,5
3078,1080,10,1101,10
3079,1095,10,1114,10
3081,923,2,942,3
3082,1014,6,995,6
3083,1010,6,1015,7
3084,1083,10,1088,9
3085,1071,9,1071,9
3087,1036,8,1023,7
3088,1072,9,1059,9
3089,1092,10,1077,9
3090,1118,10,1116,10
3091,1103,10,1097,10
3093,1102,10,1105,10
3094,1086,10,1073,9
3095,1105,10,1104,10
3096,1081,10,1061,9
3097,1114,10,1124,10
3099,1082,10,1065,9
3101,1100,10,1134,10
3102,1097,10,1120,10
3103,1076,9,1106,10
3104,1084,10,1109,10
3105,1047,8,1053,9
3106,1085,10,1098,10
3107,1064,9,1072,9
3108,1037,8,1051,9
3109,1054,8,1064,9
3111,1083,10,1090,10
3113,1113,10,1122,10
3114,1126,10,1141,10
3115,1110,10,1108,10
3116,1059,9,1033,8
3121,1036,8,1081,9
3122,1087,10,1118,10
3123,1095,10,1127,10
3124,1107,10,1137,10
3125,1014,6,1050,8
3126,1116,10,1150,10
3127,1111,10,1138,10
3128,1016,7,1046,8
3129,1052,8,1068,9
3130,1060,9,1071,9
3131,1037,8,1042,8
3132,1063,9,1065,9
3133,1070,9,1072,9
3134,1053,8,1051,8
3135,1052,8,1046,8
3136,1041,8,1026,8
3137,1030,7,1002,6
3138,1036,8,1014,7
3139,1032,7,998,6
3140,1031,7,1006,7
3141,1071,9,1109,10
3142,1112,10,1144,10
3143,1091,10,1120,10
3144,1110,10,1146,10
3145,1088,10,1119,10
3146,1115,10,1142,10
3147,1051,8,1080,9
3148,1026,7,1043,8
3149,1068,9,1081,9
3150,1062,9,1076,9
3151,1025,7,1036,8
3152,1057,9,1054,9
3153,1010,6,991,6
3154,1056,9,1028,8
3155,1014,6,992,6
3156,1049,8,1028,8
3158,1069,9,1052,9
3159,1075,9,1063,9
3160,1069,9,1052,9
3161,1097,10,1123,10
3162,1087,10,1112,10
3163,1064,9,1078,9
3165,1065,9,1072,9
3166,1036,8,1049,8
3167,1028,7,1027,8
3168,986,5,1025,8
3169,964,4,970,5
3170,1044,8,1041,8
3171,849,1,888,1
3172,959,3,965,4
3173,984,5,996,6
3174,896,1,909,2
3175,877,1,895,1
3177,826,1,844,1
3178,1077,9,1063,9
3179,1044,8,1027,8
3180,1046,8,1025,8
3181,1066,9,1102,10
3182,1062,9,1084,9
3183,1069,9,1091,10
3184,1092,10,1116,10
3185,1084,10,1106,10
3186,1107,10,1144,10
3187,1094,10,1123,10
3188,1075,9,1106,10
3189,1040,8,1048,8
3190,1057,9,1070,9
3191,1101,10,1129,10
3192,1054,8,1054,9
3193,1117,10,1136,10
3194,1061,9,1065,9
3195,1079,9,1080,9
3196,1040,8,1029,8
3197,1050,8,1041,8
3198,994,5,975,5
3199,997,5,984,6
3200,823,1,822,1
3201,979,4,948,4
3202,1060,9,1065,9
3204,1072,9,1092,10
3205,1026,7,1079,9
3206,1095,10,1136,10
3207,1071,9,1113,10
3211,1046,8,1029,8
3212,1028,7,1000,6
3213,1033,7,1013,7
3214,795,1,802,1
3215,968,4,953,4
3216,1037,8,1019,7
3217,1090,10,1068,9
3218,1013,6,1007,7
3219,926,2,910,2
3220,1058,9,1062,9
3221,1104,10,1098,10
3222,1017,7,991,6
3223,964,4,947,4
3224,1016,7,984,6
3225,1072,9,1065,9
3226,1060,9,1040,8
3227,1092,10,1087,9
3228,1091,10,1083,9
3230,1067,9,1045,8
3231,1072,9,1062,9
3232,1055,9,1034,8
3233,1001,6,977,5
3234,1081,10,1045,8
3235,1065,9,1058,9
3236,968,4,965,4
3237,968,4,963,4
3238,986,5,977,5
3239,971,4,963,4
3240,1090,10,1065,9
3241,977,4,955,4
3242,1047,8,1019,7
3243,1052,8,1045,8
3249,1006,6,986,6
3250,931,2,908,2
3251,955,3,929,3
3254,948,3,920,2
3260,970,4,953,4
3264,949,3,923,2
3265,1027,7,1013,7
3266,976,4,953,4
3267,996,5,990,6
3268,1013,6,993,6
3269,1029,7,1022,7
3270,1023,7,1019,7
3271,1018,7,1035,8
3272,940,2,930,3
3273,1025,7,1036,8
3274,1025,7,1034,8
3275,1051,8,1004,7
3276,994,5,985,6
3277,1028,7,997,6
3278,1029,7,1002,7
3279,1027,7,1003,7
3280,981,4,957,4
3281,1078,9,1048,8
3282,1005,6,974,5
3283,1047,8,1022,7
3284,1024,7,1007,7
3285,1029,7,1010,7
3286,972,4,967,5
3287,1026,7,1007,7
3289,1000,6,984,6
3292,1006,6,992,6
3293,972,4,969,5
3294,1047,8,1035,8
3300,978,4,950,4
3301,1060,9,1045,8
3302,1009,6,990,6
3303,972,4,954,4
3304,931,2,911,2
3305,943,3,921,2
3309,946,3,955,4
3310,949,3,929,3
3311,921,2,900,2
3312,1016,7,999,6
3314,1041,8,1043,8
3315,973,4,952,4
3317,981,4,990,6
3318,965,4,958,4
3319,963,4,959,4
3321,1085,10,1053,9
3322,983,5,967,5
3323,1019,7,1022,7
3324,927,2,918,2
3325,938,2,942,3
3328,1045,8,1012,7
3329,1015,6,1007,7
3330,965,4,944,3
3331,1056,9,1021,7
3332,1014,6,982,5
3333,972,4,958,4
3334,960,3,953,4
3335,1023,7,1011,7
3337,946,3,928,3
3338,950,3,936,3
3340,1008,6,985,6
3341,1037,8,1014,7
3342,997,5,981,5
3345,1028,7,1008,7
3350,1004,6,992,6
3351,1014,6,981,5
3352,1038,8,1009,7
3355,890,1,879,1
3356,906,1,886,1
3357,1062,9,1050,8
3360,941,3,918,2
3361,957,3,937,3
3363,979,4,953,4
3364,1039,8,1016,7
3370,926,2,917,2
3371,897,1,883,1
3373,950,3,930,3
3374,1019,7,994,6
3375,1017,7,1010,7
3377,929,2,915,2
3378,1042,8,1057,9
3379,968,4,973,5
3380,910,2,894,1
3381,1019,7,1003,7
3384,976,4,958,4
3385,1005,6,984,6
3387,1015,6,1005,7
3388,964,4,963,4
3390,938,2,928,3
3391,1000,6,993,6
3392,933,2,923,2
3393,921,2,911,2
3395,967,4,953,4
3396,949,3,938,3
3400,958,3,938,3
3401,1053,8,1025,8
3407,1024,7,1020,7
3409,1000,6,987,6
3412,917,2,915,2
3413,1055,9,1050,8
3414,928,2,916,2
3415,1037,8,1032,8
3418,973,4,954,4
3419,997,5,975,5
3420,1031,7,1021,7
3423,838,1,849,1
3424,966,4,953,4
3427,1012,6,984,6
3428,1042,8,1017,7
3429,1029,7,1004,7
3430,1032,7,1017,7
3431,1083,10,1060,9
3432,1028,7,1013,7
3433,1073,9,1057,9
3434,1043,8,1018,7
3435,1033,8,1011,7
3437,1082,10,1072,9
3438,1088,10,1078,9
3440,1097,10,1098,10
3441,1113,10,1127,10
3442,1069,9,1062,9
3444,1012,6,998,6
3446,1029,7,997,6
3447,1020,7,997,6
3448,1026,7,1005,7
3450,979,4,972,5
3451,1002,6,981,5
3453,1043,8,1019,7
3458,1037,8,1023,7
3460,978,4,968,5
3461,1011,6,997,6
3462,982,5,959,4
3463,995,5,975,5
3464,964,4,926,2
3465,887,1,869,1
3467,900,1,893,1
3468,923,2,921,2
3469,969,4,963,4
3472,864,1,851,1
3475,896,1,892,1
3477,996,5,979,5
3478,913,2,899,2
3480,969,4,947,4
3482,1020,7,1007,7
3483,998,6,977,5
3485,959,3,944,3
3487,967,4,964,4
3488,969,4,966,5
3489,985,5,980,5
3490,959,3,938,3
3491,989,5,983,5
3494,907,1,909,2
3496,931,2,911,2
3498,1009,6,974,5
3500,913,2,906,2
3501,1046,8,1015,7
3505,948,3,926,2
3506,1065,9,1049,8
3507,1025,7,1016,7
3509,1023,7,1006,7
3512,1008,6,984,6
3515,1039,8,997,6
3516,996,5,971,5
3517,921,2,908,2
3518,891,1,885,1
3520,812,1,833,1
3521,1003,6,965,4
3522,1020,7,993,6
3523,924,2,905,2
3525,954,3,937,3
3527,943,3,922,2
3529,1009,6,1006,7
3530,1009,6,1006,7
3531,1011,6,1004,7
3533,933,2,918,2
3537,974,4,960,4
3540,911,2,912,2
3542,1029,7,1004,7
3544,982,5,972,5
3546,977,4,976,5
3549,880,1,893,1
3550,964,4,956,4
3551,1058,9,1028,8
3555,949,3,926,2
3556,907,1,888,1
3557,1011,6,982,5
3558,935,2,920,2
3559,1000,6,985,6
3561,963,4,941,3
3562,1050,8,1004,7
3563,950,3,921,2
3564,978,4,951,4
3565,1044,8,1013,7
3566,949,3,929,3
3567,944,3,928,3
3568,971,4,946,3
3570,977,4,952,4
3571,1009,6,1001,6
3572,1011,6,1004,7
3573,982,5,978,5
3575,938,2,936,3
3576,1018,7,1023,7
3579,954,3,932,3
3580,929,2,895,1
3581,1039,8,1008,7
3583,984,5,965,4
3584,981,5,959,4
3585,953,3,937,3
3586,1037,8,997,6
3588,955,3,923,2
3589,1017,7,1002,6
3590,1031,7,989,6
3591,1045,8,1024,8
3594,922,2,905,2
3595,855,1,844,1
3596,950,3,928,3
3597,992,5,975,5
3599,971,4,963,4
3607,1030,7,1022,7
3608,971,4,950,4
3610,974,4,956,4
3612,908,1,895,1
3614,1044,8,1016,7
3616,974,4,956,4
3617,1008,6,986,6
3618,941,3,923,2
3620,964,4,941,3
3621,955,3,928,3
3622,1008,6,981,5
3623,935,2,921,2
3624,933,2,922,2
3629,908,2,895,1
3630,906,1,904,2
3631,1048,8,1024,8
3633,1015,7,988,6
3634,1033,7,1002,7
3635,967,4,948,4
3636,937,2,920,2
3637,1006,6,988,6
3638,960,3,940,3
3639,915,2,899,2
3640,997,5,982,5
3641,956,3,929,3
3644,935,2,919,2
3646,992,5,980,5
3647,1056,9,1059,9
3649,945,3,935,3
3658,974,4,946,3
3659,1021,7,1008,7
3660,918,2,905,2
3662,1140,10,1101,10
3663,1031,7,1027,8
3664,1010,6,987,6
3665,1022,7,1006,7
3666,962,3,946,3
3669,971,4,964,4
3670,987,5,964,4
3672,928,2,915,2
3673,1026,7,1004,7
3675,1024,7,997,6
3677,953,3,932,3
3678,1051,8,1033,8
3682,1004,6,986,6
3683,986,5,955,4
3685,974,4,954,4
3687,973,4,941,3
3688,1035,8,1005,7
3690,959,3,940,3
3691,1066,9,1040,8
3694,1068,9,1037,8
3695,1049,8,1023,8
3697,1028,7,1002,6
3698,1072,9,1043,8
3699,945,3,933,3
3700,983,5,958,4
3701,1010,6,993,6
3704,1000,6,987,6
3705,1000,6,987,6
3707,956,3,942,3
3708,1000,6,987,6
3709,985,5,995,6
3711,1015,6,974,5
3712,966,4,948,4
3713,934,2,903,2
3714,984,5,961,4
3715,999,6,996,6
3717,988,5,968,5
3718,1043,8,1027,8
3719,1008,6,1003,7
3720,976,4,946,3
3722,1019,7,983,5
3723,1018,7,997,6
3725,1015,6,994,6
3726,1009,6,994,6
3727,1008,6,986,6
3728,913,2,890,1
3730,969,4,941,3
3732,991,5,974,5
3733,1003,6,986,6
3735,1015,6,995,6
3737,958,3,933,3
3738,970,4,955,4
3739,970,4,955,4
3740,1027,7,995,6
3741,1007,6,985,6
3744,1026,7,993,6
3746,1005,6,977,5
3747,1023,7,1013,7
3749,1055,9,1037,8
3750,1022,7,1019,7
3751,969,4,952,4
3752,1042,8,1023,7
3753,1040,8,1023,7
3754,1049,8,1030,8
3755,1038,8,1019,7
3756,1016,7,988,6
3757,1028,7,1002,6
3758,1055,9,1021,7
3759,1089,10,1083,9
3760,1084,10,1070,9
3761,1083,10,1066,9
3762,1083,10,1059,9
3763,1014,6,989,6
3764,1009,6,984,6
3765,1059,9,1034,8
3766,1082,10,1068,9
3767,1077,9,1070,9
3770,1060,9,1024,8
3775,1065,9,1042,8
3777,1005,6,984,5
3778,1005,6,977,5
3779,1017,7,968,5
3781,1033,7,997,6
3782,1063,9,1042,8
3783,1055,9,1031,8
3785,1084,10,1104,10
3786,1096,10,1099,10
3787,1095,10,1099,10
3788,1077,9,1072,9
3789,1083,10,1091,10
3791,1093,10,1091,10
3792,1074,9,1068,9
3793,1042,8,1015,7
3795,1070,9,1044,8
3796,1053,8,1023,7
3797,984,5,954,4
3799,937,2,916,2
3802,1001,6,993,6
3803,947,3,942,3
3804,1082,10,1075,9
3805,1011,6,994,6
3806,1060,9,1048,8
3807,1075,9,1057,9
3808,1106,10,1095,10
3809,1068,9,1049,8
3810,993,5,968,5
3812,1054,8,1024,8
3813,1038,8,1011,7
3814,1040,8,1006,7
3815,1030,7,1001,6
3816,971,4,946,3
3818,985,5,961,4
3820,996,5,979,5
3821,1041,8,1025,8
3822,1029,7,1005,7
3823,1009,6,982,5
3824,1004,6,978,5
3825,899,1,884,1
3831,1027,7,1007,7
3832,1020,7,1004,7
3833,963,4,945,3
3835,988,5,972,5
3840,869,1,864,1
3842,903,1,891,1
3844,986,5,964,4
3847,978,4,951,4
3850,970,4,956,4
3851,979,4,961,4
3852,1051,8,1072,9
3854,1040,8,1009,7
3856,1004,6,966,5
3857,1017,7,997,6
3858,957,3,934,3
3859,1020,7,994,6
3860,978,4,953,4
3862,1006,6,973,5
3864,989,5,980,5
3865,984,5,946,3
3869,1008,6,983,5
3870,998,5,973,5
3871,1004,6,983,5
3873,1023,7,1001,6
3874,944,3,922,2
3875,965,4,941,3
3878,992,5,967,5
3880,979,4,952,4
3882,996,5,958,4
3885,963,4,943,3
3886,962,3,947,4
3887,908,1,904,2
3888,910,2,902,2
3889,924,2,935,3
3890,827,1,850,1
3891,1026,7,1020,7
3892,954,3,933,3
3893,968,4,974,5
3895,968,4,972,5
3896,970,4,958,4
3898,983,5,971,5
3900,960,3,947,4
3902,952,3,924,2
3903,975,4,948,4
3904,1018,7,993,6
3909,935,2,913,2
3910,1044,8,1010,7
3911,1033,7,1001,6
3912,1033,7,1002,6
3913,1046,8,1020,7
3915,928,2,907,2
3916,1103,10,1097,10
3918,1038,8,1003,7
3919,972,4,934,3
3920,1174,10,1096,10
3921,946,3,964,4
3922,974,4,952,4
3923,1015,7,974,5
3925,1018,7,992,6
3926,1077,9,1065,9
3927,1071,9,1063,9
3928,1106,10,1105,10
3929,1103,10,1101,10
3930,1110,10,1121,10
3931,1022,7,1006,7
3933,1098,10,1092,10
3934,1087,10,1076,9
3936,1014,6,991,6
3937,1069,9,1078,9
3938,1037,8,1008,7
3939,969,4,943,3
3940,917,2,890,1
3941,993,5,968,5
3942,1052,8,1030,8
3943,1060,9,1059,9
3944,1114,10,1130,10
3945,1029,7,1006,7
3946,1028,7,1007,7
3950,947,3,923,2
3951,1033,7,1012,7
3953,996,5,969,5
3954,1068,9,1039,8
3956,992,5,967,5
3957,1030,7,1010,7
3958,1054,8,1034,8
3959,1030,7,1014,7
3960,984,5,965,4
3962,940,3,917,2
3964,1001,6,963,4
3965,932,2,899,2
3966,957,3,948,4
3967,962,3,951,4
3971,934,2,917,2
3975,1039,8,1038,8
3976,927,2,919,2
3977,1005,6,987,6
3978,1058,9,1049,8
3979,1044,8,1028,8
3980,1022,7,982,5
3981,998,5,965,4
3984,936,2,910,2
3987,999,6,964,4
3988,995,5,976,5
3990,977,4,950,4
3991,941,3,929,3
3992,985,5,956,4
3995,927,2,902,2
3996,1023,7,1004,7
4000,1008,6,1061,9
4005,1089,10,1122,10
4006,1050,8,1076,9
4007,1089,10,1111,10
4008,970,4,930,3
4010,1078,9,1088,9
4011,1077,9,1098,10
4012,1058,9,1062,9
4013,1033,7,1037,8
4014,1048,8,1045,8
4017,1028,7,1017,7
4018,1010,6,1000,6
4019,947,3,938,3
4020,978,4,972,5
4021,935,2,914,2
4022,952,3,935,3
4025,1014,6,996,6
4029,1026,7,1062,9
4030,1067,9,1084,9
4031,1067,9,1075,9
4032,1014,6,1010,7
4034,1026,7,1020,7
4035,1094,10,1092,10
4036,1030,7,999,6
4037,1115,10,1114,10
4051,1078,9,1096,10
4053,1056,9,1054,9
4054,1033,7,1027,8
4055,1093,10,1086,9
4059,1038,8,1086,9
4060,1109,10,1136,10
4061,1100,10,1114,10
4064,1103,10,1137,10
4065,1114,10,1148,10
4066,1092,10,1117,10
4067,1036,8,1096,10
4068,1078,9,1105,10
4069,1114,10,1143,10
4070,1101,10,1110,10
4073,1096,10,1110,10
4074,1082,10,1083,9
4075,1073,9,1086,9
4076,940,3,941,3
4077,835,1,863,1
4078,1001,6,997,6
4101,1037,8,1077,9
4102,1014,6,1048,8
4103,1041,8,1061,9
4104,1067,9,1089,9
4105,1040,8,1050,8
4106,942,3,947,4
4107,1032,7,1029,8
4108,965,4,972,5
4109,996,5,1014,7
4110,928,2,936,3
4111,1059,9,1048,8
4112,1034,8,1046,8
4113,1023,7,1031,8
4114,774,1,800,1
4115,1048,8,1040,8
4116,1050,8,1056,9
4117,1005,6,987,6
4118,984,5,961,4
4119,1035,8,1036,8
4120,1054,9,1069,9
4121,1071,9,1087,9
4122,1035,8,1039,8
4123,1055,9,1043,8
4124,1003,6,986,6
4125,1000,6,977,5
4127,979,4,970,5
4128,1059,9,1039,8
4129,1019,7,985,6
4130,1071,9,1063,9
4131,900,1,898,1
4132,887,1,877,1
4133,952,3,938,3
4151,1081,10,1095,10
4152,1076,9,1087,9
4153,1086,10,1085,9
4154,1110,10,1133,10
4155,1095,10,1111,10
4156,1107,10,1122,10
4157,1021,7,1000,6
4158,998,5,983,5
4159,1047,8,1031,8
4160,1066,9,1065,9
4161,1013,6,986,6
4163,1011,6,1009,7
4164,1070,9,1067,9
4165,1045,8,1031,8
4169,1060,9,1085,9
4170,1079,10,1097,10
4171,1102,10,1137,10
4172,1057,9,1067,9
4173,1036,8,1018,7
4174,1010,6,994,6
4178,1005,6,1001,6
4179,1043,8,1042,8
4183,934,2,930,3
4184,825,1,829,1
4205,910,2,892,1
4207,950,3,933,3
4208,1042,8,1026,8
4209,1015,7,1002,7
4210,1043,8,1030,8
4211,1013,6,995,6
4212,1056,9,1053,9
4213,1046,8,1036,8
4214,1020,7,1011,7
4215,945,3,947,4
4216,1004,6,994,6
4217,1013,6,1019,7
4218,1035,8,1032,8
4220,1033,8,1023,7
4221,1017,7,1002,6
4223,1025,7,1011,7
4224,1008,6,991,6
4225,975,4,965,4
4226,1040,8,1032,8
4227,1026,7,1025,8
4228,1065,9,1059,9
4230,1026,7,1008,7
4270,1044,8,1029,8
4271,1030,7,1014,7
4272,1049,8,1039,8
4275,1023,7,1011,7
4280,1015,6,990,6
4285,965,4,948,4
4287,929,2,925,2
4300,999,6,991,6
4301,928,2,916,2
4303,784,1,800,1
4304,911,2,898,1
4305,940,2,924,2
4306,1030,7,1014,7
4307,996,5,971,5
4309,986,5,959,4
4310,973,4,952,4
4311,902,1,891,1
4312,926,2,912,2
4313,913,2,900,2
4340,953,3,936,3
4341,934,2,918,2
4342,930,2,912,2
4343,929,2,924,2
4344,971,4,958,4
4346,981,5,953,4
4347,962,3,940,3
4350,981,5,968,5
4352,1062,9,1038,8
4353,981,5,969,5
4354,938,2,919,2
4355,926,2,912,2
4356,991,5,967,5
4357,935,2,914,2
4358,1015,6,987,6
4359,1011,6,991,6
4360,1013,6,989,6
4361,957,3,946,3
4362,968,4,947,3
4363,1007,6,980,5
4364,1024,7,1014,7
4365,892,1,877,1
4370,934,2,915,2
4371,982,5,952,4
4372,988,5,944,3
4373,908,2,897,1
4374,971,4,954,4
4375,928,2,922,2
4376,910,2,903,2
4377,951,3,919,2
4378,963,4,945,3
4380,934,2,920,2
4381,952,3,932,3
4382,1002,6,988,6
4383,772,1,790,1
4384,981,5,973,5
4385,906,1,900,2
4387,908,1,899,2
4388,827,1,845,1
4390,1003,6,979,5
4400,981,5,944,3
4401,920,2,902,2
4402,860,1,854,1
4403,999,6,992,6
4404,1024,7,1016,7
4405,975,4,950,4
4406,1003,6,1002,6
4407,939,2,934,3
4408,942,3,934,3
4410,920,2,911,2
4411,943,3,925,2
4412,1015,6,1010,7
4413,961,3,946,3
4415,938,2,928,3
4416,1027,7,1017,7
4417,940,2,941,3
4418,1021,7,1002,7
4419,1004,6,989,6
4420,987,5,971,5
4421,792,1,808,1
4422,1004,6,1002,6
4423,1005,6,1008,7
4424,1008,6,994,6
4425,982,5,983,5
4426,979,4,974,5
4427,944,3,937,3
4428,982,5,972,5
4454,990,5,983,5
4455,1010,6,991,6
4461,1071,9,1076,9
4462,939,2,953,4
4465,947,3,939,3
4467,1031,7,1030,8
4468,938,2,936,3
4470,944,3,935,3
4472,955,3,936,3
4474,1008,6,1000,6
4477,935,2,924,2
4478,961,3,951,4
4479,1053,8,1035,8
4480,958,3,941,3
4481,980,4,965,4
4482,1002,6,979,5
4486,948,3,956,4
4487,975,4,960,4
4488,980,4,983,5
4489,1053,8,1063,9
4490,874,1,889,1
4491,940,3,951,4
4492,1002,6,972,5
4493,977,4,955,4
4494,1036,8,1031,8
4496,989,5,983,5
4497,1010,6,1003,7
4498,1013,6,1008,7
4500,1032,7,1013,7
4501,956,3,936,3
4502,1026,7,1001,6
4503,1001,6,979,5
4504,1050,8,1027,8
4505,1006,6,979,5
4506,949,3,929,3
4507,939,2,925,2
4508,894,1,883,1
4509,1051,8,1041,8
4510,907,1,898,1
4511,967,4,941,3
4512,1044,8,1016,7
4514,979,4,953,4
4515,930,2,916,2
4516,1031,7,1004,7
4517,997,5,975,5
4518,1016,7,991,6
4519,980,4,958,4
4520,1110,10,1126,10
4521,1069,9,1063,9
4550,983,5,955,4
4551,1001,6,983,5
4552,1005,6,997,6
4553,1037,8,1017,7
4554,1042,8,1031,8
4555,1036,8,1017,7
4556,1038,8,1030,8
4557,1026,7,1016,7
4558,984,5,967,5
4559,1019,7,1002,6
4560,981,4,962,4
4561,1021,7,1002,6
4562,1053,8,1039,8
4563,1003,6,984,5
4564,1017,7,997,6
4565,983,5,961,4
4566,1030,7,1019,7
4567,1049,8,1044,8
4568,999,6,976,5
4569,984,5,965,4
4570,919,2,903,2
4571,967,4,957,4
4572,1038,8,1031,8
4573,1039,8,1028,8
4574,956,3,943,3
4575,1027,7,1013,7
4580,864,1,850,1
4581,942,3,923,2
4600,872,1,877,1
4601,915,2,910,2
4605,776,1,813,1
4606,899,1,888,1
4608,958,3,937,3
4610,940,3,926,2
4611,950,3,948,4
4612,947,3,940,3
4613,867,1,870,1
4614,849,1,845,1
4615,866,1,858,1
4620,917,2,916,2
4621,889,1,875,1
4625,925,2,913,2
4626,926,2,920,2
4627,875,1,890,1
4630,939,2,927,3
4650,897,1,882,1
4655,928,2,914,2
4659,886,1,867,1
4660,915,2,897,1
4662,836,1,829,1
4670,930,2,914,2
4671,869,1,861,1
4673,896,1,882,1
4674,853,1,855,1
4676,856,1,858,1
4677,949,3,927,3
4678,942,3,917,2
4680,986,5,972,5
4694,912,2,896,1
4695,917,2,906,2
4697,901,1,891,1
4699,946,3,935,3
4700,946,3,941,3
4701,959,3,941,3
4702,971,4,950,4
4703,992,5,974,5
4704,988,5,967,5
4705,1004,6,990,6
4706,983,5,974,5
4707,866,1,871,1
4709,1092,10,1058,9
4710,941,3,928,3
4711,1071,9,1033,8
4712,931,2,921,2
4713,523,1,636,1
4714,784,1,793,1
4715,1006,6,977,5
4716,1003,6,980,5
4717,987,5,962,4
4718,989,5,964,4
4719,980,4,961,4
4720,1027,7,1001,6
4721,1016,7,986,6
4722,1023,7,998,6
4723,1010,6,989,6
4724,1009,6,987,6
4725,1010,6,981,5
4726,908,2,904,2
4727,1025,7,1012,7
4728,996,5,983,5
4730,1000,6,982,5
4731,947,3,941,3
4732,989,5,994,6
4733,1049,8,1040,8
4735,937,2,922,2
4736,980,4,965,4
4737,946,3,923,2
4738,970,4,947,4
4739,943,3,913,2
4740,986,5,968,5
4741,998,5,969,5
4742,976,4,946,3
4743,1060,9,1013,7
4744,1041,8,1011,7
4745,980,4,956,4
4746,1036,8,991,6
4750,1003,6,983,5
4751,1034,8,996,6
4753,1035,8,1003,7
4754,977,4,955,4
4756,915,2,897,1
4757,908,2,887,1
4798,933,2,909,2
4799,922,2,903,2
4800,988,5,957,4
4802,1006,6,984,6
4804,902,1,881,1
4805,925,2,909,2
4806,953,3,925,2
4807,961,3,934,3
4808,1006,6,962,4
4809,962,3,941,3
4810,1003,6,1007,7
4811,1006,6,992,6
4812,951,3,945,3
4814,994,5,986,6
4815,933,2,917,2
4816,860,1,876,1
4817,1008,6,985,6
4818,1014,6,990,6
4819,951,3,941,3
4820,928,2,914,2
4821,958,3,940,3
4822,978,4,959,4
4823,991,5,977,5
4824,977,4,960,4
4825,976,4,964,4
4828,788,1,812,1
4829,892,1,895,1
4830,615,1,707,1
4849,896,1,878,1
4850,960,3,929,3
4852,977,4,955,4
4854,937,2,914,2
4855,973,4,939,3
4856,927,2,904,2
4858,966,4,934,3
4859,924,2,895,1
4860,904,1,896,1
4861,911,2,897,1
4865,982,5,960,4
4868,975,4,955,4
4869,967,4,945,3
4870,965,4,967,5
4871,854,1,870,1
4872,942,3,933,3
4873,955,3,931,3
4874,949,3,958,4
4875,773,1,836,1
4876,694,1,771,1
4877,1016,7,995,6
4878,1008,6,993,6
4879,1037,8,1026,8
4880,927,2,914,2
4881,976,4,969,5
4882,1006,6,975,5
4883,946,3,930,3
4884,1021,7,1004,7
4885,980,4,959,4
4886,918,2,917,2
4887,891,1,884,1
4888,857,1,851,1
4890,810,1,845,1
4891,941,3,919,2
4892,619,1,713,1
4895,845,1,859,1
5000,986,5,1038,8
5006,1068,9,1096,10
5007,985,5,998,6
5008,931,2,942,3
5009,979,4,967,5
5010,844,1,873,1
5011,1000,6,990,6
5012,837,1,867,1
5013,870,1,876,1
5014,944,3,934,3
5015,957,3,947,4
5016,1000,6,982,5
5017,866,1,860,1
5018,1024,7,997,6
5019,975,4,973,5
5020,1062,9,1042,8
5021,1049,8,1034,8
5022,1051,8,1050,8
5023,929,2,925,2
5024,1044,8,1030,8
5025,1019,7,1001,6
5031,985,5,998,6
5032,1016,7,1009,7
5033,969,4,966,5
5034,1073,9,1085,9
5035,1022,7,1025,8
5037,997,5,993,6
5038,994,5,986,6
5039,988,5,988,6
5040,1015,6,1010,7
5041,1066,9,1065,9
5042,981,5,981,5
5043,944,3,945,3
5044,1049,8,1046,8
5045,1043,8,1044,8
5046,986,5,978,5
5047,972,4,966,5
5048,1019,7,1018,7
5049,1065,9,1053,9
5050,1078,9,1071,9
5051,1093,10,1088,9
5052,1100,10,1100,10
5061,1084,10,1107,10
5062,1084,10,1098,10
5063,1058,9,1076,9
5064,1086,10,1107,10
5065,1064,9,1084,9
5066,1105,10,1125,10
5067,1045,8,1069,9
5068,1049,8,1063,9
5069,1062,9,1085,9
5070,1009,6,1013,7
5072,1040,8,1046,8
5073,1021,7,1018,7
5074,975,4,966,5
5075,1022,7,1004,7
5076,1066,9,1045,8
5081,1070,9,1089,10
5082,1041,8,1049,8
5083,1022,7,1021,7
5084,809,1,849,1
5085,971,4,975,5
5086,972,4,970,5
5087,990,5,987,6
5088,946,3,927,3
5089,1071,9,1050,8
5090,1004,6,978,5
5091,1056,9,1024,8
5092,1011,6,982,5
5093,975,4,950,4
5094,877,1,883,1
5095,1000,6,996,6
5096,968,4,946,3
5097,1023,7,988,6
5098,954,3,935,3
5106,842,1,829,1
5107,895,1,890,1
5108,851,1,851,1
5109,932,2,913,2
5110,907,1,899,2
5112,780,1,799,1
5113,719,1,743,1
5114,926,2,906,2
5115,907,1,889,1
5116,949,3,930,3
5117,1057,9,1022,7
5118,990,5,969,5
5120,943,3,953,4
5121,963,3,947,4
5125,1049,8,1027,8
5126,1043,8,1005,7
5127,1038,8,1012,7
5131,1097,10,1068,9
5132,1096,10,1082,9
5133,1093,10,1074,9
5134,1054,8,1050,8
5136,1062,9,1056,9
5137,1094,10,1090,10
5138,1107,10,1104,10
5139,1067,9,1060,9
5140,1114,10,1109,10
5141,1104,10,1093,10
5142,1061,9,1048,8
5144,1104,10,1094,10
5150,1085,10,1099,10
5151,1102,10,1092,10
5152,1108,10,1120,10
5153,1084,10,1072,9
5154,1114,10,1127,10
5155,1085,10,1073,9
5156,1084,10,1087,9
5157,1079,10,1062,9
5158,1061,9,1030,8
5159,1062,9,1034,8
5160,-,-,-,-
5161,992,5,954,4
5162,964,4,933,3
5163,915,2,891,1
5164,800,1,801,1
5165,913,2,900,2
5166,893,1,870,1
5167,996,5,968,5
5168,936,2,912,2
5169,991,5,962,4
5170,1013,6,982,5
5171,1050,8,1023,7
5172,1054,9,1032,8
5173,960,3,935,3
5174,983,5,956,4
5201,1047,8,1024,8
5202,996,5,969,5
5203,965,4,944,3
5204,966,4,943,3
5210,1017,7,985,6
5211,962,3,937,3
5212,984,5,955,4
5213,1018,7,992,6
5214,949,3,924,2
5220,967,4,937,3
5221,928,2,910,2
5222,965,4,943,3
5223,975,4,952,4
5231,1072,9,1051,9
5232,1072,9,1063,9
5233,1049,8,1027,8
5234,1051,8,1031,8
5235,989,5,970,5
5236,958,3,945,3
5237,964,4,946,3
5238,913,2,890,1
5240,1075,9,1052,9
5241,1007,6,974,5
5242,1062,9,1046,8
5243,1074,9,1070,9
5244,1046,8,1022,7
5245,1065,9,1052,9
5250,1072,9,1048,8
5251,1009,6,991,6
5252,1036,8,1005,7
5253,882,1,868,1
5254,989,5,956,4
5255,1005,6,980,5
5256,933,2,912,2
5259,941,3,933,3
5260,869,1,848,1
5261,1011,6,1004,7
5262,1043,8,1023,7
5263,1060,9,1037,8
5264,926,2,912,2
5265,968,4,950,4
5266,1034,8,1012,7
5267,1021,7,992,6
5268,964,4,943,3
5269,973,4,960,4
5270,1058,9,1029,8
5271,965,4,944,3
5272,1025,7,1011,7
5273,1061,9,1046,8
5275,973,4,949,4
5276,1009,6,981,5
5277,942,3,923,2
5278,922,2,913,2
5279,901,1,884,1
5280,931,2,908,2
5290,921,2,898,1
5291,1029,7,992,6
5301,981,4,982,5
5302,1005,6,981,5
5303,1036,8,1007,7
5304,964,4,942,3
5306,991,5,985,6
5307,936,2,928,3
5308,971,4,969,5
5309,986,5,985,6
5310,975,4,965,4
5311,985,5,971,5
5320,874,1,860,1
5321,910,2,886,1
5322,972,4,946,3
5330,927,2,913,2
5331,947,3,932,3
5332,930,2,911,2
5333,959,3,937,3
5340,974,4,956,4
5341,903,1,894,1
5342,995,5,961,4
5343,892,1,890,1
5344,962,3,932,3
5345,897,1,886,1
5346,937,2,913,2
5350,1061,9,1042,8
5351,1039,8,1012,7
5352,1021,7,1001,6
5353,992,5,970,5
5354,879,1,870,1
5355,995,5,964,4
5356,983,5,939,3
5357,882,1,868,1
5360,1059,9,1020,7
5371,1050,8,1019,7
5372,995,5,958,4
5373,955,3,932,3
5374,928,2,913,2
5381,941,3,929,3
5400,1027,7,993,6
5401,927,2,909,2
5410,960,3,940,3
5411,954,3,939,3
5412,941,3,931,3
5413,956,3,932,3
5414,1021,7,996,6
5415,1054,9,1042,8
5416,978,4,954,4
5417,961,3,948,4
5418,962,3,956,4
5419,990,5,996,6
5420,896,1,894,1
5421,896,1,894,1
5422,801,1,813,1
5431,991,5,977,5
5432,1028,7,1024,8
5433,920,2,905,2
5434,992,5,982,5
5440,1015,7,1007,7
5451,1022,7,994,6
5452,1071,9,1039,8
5453,1014,6,986,6
5454,960,3,951,4
5455,1071,9,1058,9
5460,960,3,939,3
5461,942,3,922,2
5462,985,5,956,4
5464,971,4,957,4
5470,963,4,947,4
5471,963,4,947,4
5472,951,3,951,4
5473,896,1,883,1
5480,997,5,974,5
5481,982,5,970,5
5482,1001,6,979,5
5483,1010,6,1008,7
5485,975,4,959,4
5490,1019,7,1008,7
5491,1009,6,981,5
5493,916,2,916,2
5495,931,2,917,2
5501,974,4,944,3
5502,995,5,960,4
5510,978,4,962,4
5520,874,1,870,1
5521,949,3,936,3
5522,931,2,922,2
5523,978,4,962,4
5540,875,1,862,1
5550,887,1,873,1
5552,950,3,940,3
5554,934,2,908,2
5555,988,5,968,5
5556,885,1,873,1
5558,937,2,912,2
5560,918,2,910,2
5570,956,3,938,3
5571,930,2,907,2
5572,1032,7,1033,8
5573,939,2,928,3
5575,974,4,947,4
5576,943,3,921,2
5577,960,3,931,3
5580,1024,7,994,6
5581,959,3,936,3
5582,935,2,915,2
5583,919,2,901,2
5600,988,5,966,5
5601,930,2,914,2
5602,972,4,945,3
5603,985,5,964,4
5604,931,2,912,2
5605,968,4,944,3
5606,952,3,925,2
5607,1016,7,991,6
5608,808,1,811,1
5609,1018,7,990,6
5630,1040,8,1005,7
5631,1018,7,990,6
5632,1055,9,1058,9
5633,1001,6,992,6
5640,1000,6,971,5
5641,1025,7,1002,6
5642,1065,9,1049,8
5650,1050,8,1039,8
5651,1029,7,1018,7
5652,998,6,967,5
5653,989,5,981,5
5654,988,5,981,5
5655,1031,7,1007,7
5660,1031,7,1007,7
5661,1031,7,1007,7
5670,967,4,952,4
5671,1008,6,983,5
5680,996,5,966,5
5690,929,2,921,2
5700,869,1,864,1
5710,992,5,956,4
5713,995,5,992,6
5715,1020,7,1022,7
5717,977,4,966,5
5719,962,3,945,3
5720,1014,6,1000,6
5722,871,1,856,1
5723,891,1,893,1
5724,720,1,803,1
5725,1042,8,1014,7
5730,966,4,955,4
5731,944,3,919,2
5732,771,1,801,1
5733,912,2,899,2
5734,697,1,756,1
6000,1043,8,1080,9
6003,1040,8,1068,9
6004,1054,8,1091,10
6005,1049,8,1081,9
6006,1069,9,1099,10
6007,1093,10,1126,10
6008,1086,10,1126,10
6009,1102,10,1150,10
6010,1098,10,1137,10
6011,1122,10,1166,10
6012,1078,9,1114,10
6014,1098,10,1129,10
6015,1127,10,1168,10
6016,1056,9,1081,9
6017,990,5,992,6
6018,1074,9,1093,10
6019,1083,10,1101,10
6020,1101,10,1117,10
6021,1030,7,1035,8
6022,1056,9,1045,8
6023,1100,10,1111,10
6024,1061,9,1051,9
6025,1075,9,1073,9
6026,1082,10,1079,9
6027,1061,9,1058,9
6028,1088,10,1096,10
6029,1114,10,1135,10
6030,1012,6,1007,7
6031,1039,8,1031,8
6032,1046,8,1046,8
6033,1041,8,1053,9
6034,1063,9,1044,8
6035,1002,6,988,6
6036,1015,6,1006,7
6037,980,4,970,5
6038,1059,9,1046,8
6041,961,3,944,3
6042,905,1,914,2
6043,975,4,951,4
6044,957,3,943,3
6050,1081,10,1106,10
6051,1026,7,1039,8
6052,1055,9,1071,9
6053,1035,8,1047,8
6054,988,5,984,6
6055,1046,8,1043,8
6056,975,4,963,4
6057,1021,7,1000,6
6058,996,5,970,5
6059,1030,7,1035,8
6060,1024,7,1030,8
6061,912,2,921,2
6062,1009,6,1002,7
6063,969,4,960,4
6064,922,2,923,2
6065,1054,8,1050,8
6066,993,5,982,5
6067,1017,7,983,5
6069,1031,7,1023,8
6070,1105,10,1116,10
6071,1078,9,1079,9
6072,1091,10,1078,9
6073,1040,8,1032,8
6074,1044,8,1035,8
6076,1071,9,1070,9
6077,1051,8,1050,8
6078,1053,8,1051,9
6079,1051,8,1068,9
6081,1066,9,1056,9
6082,1037,8,1028,8
6083,1064,9,1057,9
6084,1038,8,1023,7
6100,1047,8,1062,9
6101,1025,7,1039,8
6102,933,2,961,4
6103,995,5,1008,7
6104,993,5,994,6
6105,970,4,966,5
6107,991,5,992,6
6108,997,5,983,5
6109,919,2,915,2
6110,978,4,970,5
6111,988,5,975,5
6112,997,5,990,6
6121,1065,9,1062,9
6122,1042,8,1020,7
6123,1005,6,975,5
6124,1026,7,1018,7
6125,1034,8,1020,7
6126,1009,6,1002,6
6147,978,4,971,5
6148,1052,8,1058,9
6149,1086,10,1098,10
6150,1079,9,1095,10
6151,1084,10,1110,10
6152,1051,8,1076,9
6153,1093,10,1119,10
6154,1075,9,1091,10
6155,1065,9,1072,9
6156,1056,9,1073,9
6157,1052,8,1065,9
6158,1088,10,1119,10
6159,1072,9,1113,10
6160,1023,7,1054,9
6161,1030,7,1033,8
6162,1020,7,1043,8
6163,1005,6,1006,7
6164,1054,8,1053,9
6165,1041,8,991,6
6166,1052,8,1049,8
6167,951,3,937,3
6168,933,2,918,2
6169,981,4,964,4
6170,1016,7,1006,7
6171,1045,8,1029,8
6172,993,5,980,5
6173,1065,9,1060,9
6174,1014,6,996,6
6175,1036,8,1027,8
6176,1047,8,1024,8
6180,1009,6,991,6
6181,1068,9,1072,9
6207,1023,7,1014,7
6208,955,3,937,3
6209,937,2,923,2
6210,964,4,952,4
6211,1003,6,988,6
6213,961,3,951,4
6214,996,5,979,5
6215,945,3,930,3
6218,922,2,909,2
6220,956,3,938,3
6221,1028,7,1016,7
6223,1026,7,1015,7
6224,947,3,923,2
6225,922,2,903,2
6226,1070,9,1059,9
6227,1032,7,1008,7
6228,1003,6,989,6
6229,979,4,959,4
6230,974,4,961,4
6232,1001,6,968,5
6233,1020,7,996,6
6236,1046,8,1032,8
6237,1042,8,1023,8
6239,996,5,978,5
6240,1052,8,1042,8
6243,1019,7,1000,6
6244,974,4,969,5
6251,986,5,972,5
6252,976,4,962,4
6253,992,5,984,6
6254,888,1,880,1
6255,989,5,966,5
6256,1030,7,1009,7
6258,959,3,937,3
6260,981,5,966,5
6262,950,3,946,3
6271,985,5,966,5
6275,961,3,953,4
6280,996,5,974,5
6281,1069,9,1052,9
6282,1077,9,1074,9
6284,1059,9,1035,8
6285,1029,7,1010,7
6286,1054,8,1031,8
6288,994,5,982,5
6290,960,3,936,3
6302,967,4,952,4
6304,963,4,946,3
6306,947,3,944,3
6308,940,2,935,3
6309,994,5,981,5
6311,1012,6,991,6
6312,956,3,943,3
6313,1018,7,1007,7
6315,951,3,935,3
6316,1014,6,1005,7
6317,907,1,909,2
6318,986,5,973,5
6320,920,2,930,3
6321,948,3,936,3
6322,1017,7,1005,7
6323,925,2,915,2
6324,947,3,938,3
6326,987,5,978,5
6327,1006,6,985,6
6328,1010,6,997,6
6330,989,5,967,5
6333,1003,6,988,6
6335,982,5,966,5
6336,980,4,983,5
6337,1037,8,1020,7
6338,1053,8,1040,8
6341,1056,9,1037,8
6343,1071,9,1057,9
6346,993,5,980,5
6348,986,5,974,5
6350,939,2,933,3
6351,1054,8,1046,8
6352,1054,8,1046,8
6353,1032,7,1006,7
6355,1043,8,1030,8
6356,1081,10,1071,9
6357,1084,10,1077,9
6358,1079,10,1069,9
6359,1011,6,990,6
6361,1083,10,1073,9
6363,1087,10,1078,9
6365,1014,6,996,6
6367,941,3,945,3
6368,1083,10,1073,9
6369,1003,6,983,5
6370,961,3,948,4
6372,1031,7,1019,7
6373,1081,10,1071,9
6375,961,3,952,4
6383,931,2,926,3
6384,1002,6,1007,7
6385,998,5,991,6
6386,998,5,991,6
6390,988,5,975,5
6391,1035,8,1021,7
6392,971,4,966,5
6393,1021,7,1020,7
6394,1032,7,1027,8
6395,992,5,982,5
6396,1013,6,1000,6
6397,954,3,965,4
6398,989,5,965,4
6401,937,2,926,3
6403,994,5,964,4
6405,994,5,965,5
6407,1011,6,988,6
6409,951,3,947,4
6410,889,1,886,1
6411,1057,9,1055,9
6412,1057,9,1055,9
6413,1023,7,1026,8
6414,1023,7,1026,8
6415,963,3,943,3
6418,959,3,953,4
6419,998,5,991,6
6420,1070,9,1059,9
6421,1044,8,1036,8
6422,1030,7,1006,7
6423,1030,7,1006,7
6424,1043,8,1030,8
6425,1043,8,1030,8
6426,925,2,916,2
6428,998,5,991,6
6429,850,1,857,1
6430,1027,7,1013,7
6431,663,1,750,1
6432,950,3,923,2
6434,947,3,930,3
6436,836,1,848,1
6437,1027,7,981,5
6438,869,1,886,1
6440,709,1,770,1
6442,951,3,924,2
6443,881,1,879,1
6445,1022,7,1021,7
6446,1090,10,1075,9
6447,1091,10,1076,9
6448,1024,7,1001,6
6450,994,5,971,5
6460,949,3,938,3
6461,971,4,963,4
6462,1037,8,1037,8
6463,1036,8,1024,8
6465,1037,8,1037,8
6466,1021,7,1007,7
6467,1021,7,1007,7
6468,1012,6,1010,7
6470,1052,8,1039,8
6472,1046,8,1032,8
6473,1067,9,1044,8
6475,948,3,931,3
6476,986,5,985,6
6477,986,5,985,6
6479,1021,7,996,6
6480,1037,8,1034,8
6485,902,1,902,2
6487,921,2,923,2
6488,921,2,923,2
6489,921,2,923,2
6490,953,3,944,3
6501,1019,7,1006,7
6502,989,5,969,5
6503,993,5,978,5
6504,999,6,1005,7
6505,999,6,1005,7
6506,1055,9,1037,8
6507,1044,8,1028,8
6509,1055,9,1037,8
6510,964,4,941,3
6511,966,4,948,4
6512,1063,9,1050,8
6513,1033,7,1020,7
6514,889,1,885,1
6515,1014,6,1001,6
6516,992,5,969,5
6517,1000,6,979,5
6518,986,5,983,5
6519,985,5,972,5
6521,1047,8,1035,8
6522,1018,7,992,6
6525,976,4,956,4
6528,981,5,971,5
6530,959,3,947,4
6532,1037,8,1018,7
6535,938,2,930,3
6536,959,3,936,3
6537,985,5,954,4
6556,1032,7,1010,7
6558,1022,7,1013,7
6560,941,3,922,2
6562,985,5,967,5
6564,946,3,939,3
6566,987,5,968,5
6567,997,5,976,5
6568,985,5,969,5
6569,976,4,964,4
6571,975,4,965,4
6572,1055,9,1037,8
6574,1098,10,1082,9
6575,1063,9,1050,8
6603,973,4,955,4
6605,1021,7,1007,7
6606,1021,7,1007,7
6608,1035,8,1034,8
6609,1045,8,1013,7
6612,995,5,988,6
6613,1020,7,1007,7
6614,1068,9,1062,9
6616,1068,9,1062,9
6620,991,5,977,5
6623,943,3,939,3
6625,1018,7,1034,8
6627,1018,7,1034,8
6628,1032,7,1025,8
6630,863,1,889,1
6631,1006,6,1017,7
6632,1032,7,1025,8
6635,899,1,916,2
6638,867,1,870,1
6639,945,3,935,3
6640,895,1,903,2
6642,827,1,862,1
6646,703,1,770,1
6701,944,3,942,3
6705,655,1,737,1
6707,1026,7,1008,7
6710,970,4,970,5
6713,1083,10,1094,10
6714,1052,8,1051,9
6716,1042,8,999,6
6718,774,1,825,1
6720,1013,6,989,6
6721,1077,9,1081,9
6722,1000,6,994,6
6725,933,2,960,4
6726,1000,6,1017,7
6728,738,1,803,1
6740,689,1,769,1
6743,949,3,965,4
6751,1065,9,1022,7
6753,1011,6,993,6
6754,1054,8,1017,7
6758,764,1,805,1
6760,700,1,773,1
6762,500,1,671,1
6765,685,1,771,1
6770,604,1,717,1
6798,978,4,984,5
6799,837,1,890,1
7000,1036,8,1046,8
7004,1057,9,1069,9
7005,1057,9,1079,9
7007,1068,9,1078,9
7008,1016,7,1016,7
7009,914,2,907,2
7010,876,1,867,1
7011,915,2,886,1
7012,1018,7,981,5
7015,1036,8,1015,7
7016,840,1,819,1
7017,1039,8,998,6
7018,1004,6,989,6
7019,840,1,828,1
7020,1083,10,1055,9
7021,1050,8,1022,7
7022,1031,7,997,6
7023,1017,7,1008,7
7024,1085,10,1056,9
7025,1049,8,1026,8
7026,981,5,950,4
7027,846,1,840,1
7030,860,1,844,1
7050,1012,6,996,6
7052,1050,8,1032,8
7053,1084,10,1089,10
7054,1059,9,1034,8
7055,1019,7,962,4
7109,978,4,956,4
7112,948,3,935,3
7113,989,5,966,5
7116,922,2,908,2
7117,915,2,900,2
7119,851,1,858,1
7120,892,1,885,1
7140,887,1,869,1
7150,1020,7,1002,6
7155,1049,8,1031,8
7162,1068,9,1049,8
7163,1008,6,994,6
7170,1093,10,1070,9
7171,989,5,953,4
7172,961,3,925,2
7173,955,3,927,3
7174,997,5,977,5
7175,974,4,953,4
7176,997,5,977,5
7177,929,2,916,2
7178,942,3,934,3
7179,1000,6,975,5
7180,933,2,922,2
7182,888,1,878,1
7183,947,3,952,4
7184,871,1,868,1
7185,916,2,901,2
7186,916,2,901,2
7187,933,2,922,2
7190,929,2,909,2
7209,944,3,931,3
7210,890,1,866,1
7211,937,2,925,2
7212,985,5,966,5
7213,829,1,831,1
7214,808,1,813,1
7215,932,2,914,2
7216,899,1,882,1
7248,840,1,846,1
7249,952,3,933,3
7250,979,4,964,4
7252,1018,7,988,6
7253,814,1,811,1
7254,944,3,924,2
7255,993,5,979,5
7256,988,5,964,4
7257,618,1,722,1
7258,1063,9,1047,8
7259,949,3,933,3
7260,916,2,891,1
7261,895,1,874,1
7262,956,3,927,3
7263,911,2,906,2
7264,839,1,844,1
7265,909,2,909,2
7267,1004,6,975,5
7268,1002,6,971,5
7270,904,1,886,1
7275,986,5,960,4
7276,957,3,941,3
7277,1043,8,1010,7
7290,988,5,945,3
7291,1019,7,986,6
7292,1015,7,996,6
7300,998,6,956,4
7301,947,3,924,2
7302,946,3,926,2
7303,962,3,940,3
7304,939,2,924,2
7305,888,1,870,1
7306,945,3,923,2
7307,968,4,938,3
7310,910,2,893,1
7315,936,2,913,2
7316,980,4,954,4
7320,903,1,888,1
7321,966,4,938,3
7322,917,2,893,1
7325,926,2,909,2
7330,935,2,910,2
7331,979,4,951,4
7466,937,2,913,2
7467,842,1,835,1
7468,967,4,937,3
7469,823,1,821,1
7470,885,1,881,1